,k5,k12,Interlimb,BodyWidth,PelvicWidth,PelvicHeight,HeadWidth,SnoutEye,EyeDiameter,HeadDepth,TailWidth,TailLength,UpperArm,LowerArm,Hand,UpperLeg,LowerLeg,Foot,Neck,PosSkull,Size,Genus,Genus_species
Amphibolurus_burnsi,1,1,0.846675479,0.150371588,-0.879428514,-0.166599181,0.237329193,-1.150504267,-1.373055577,-0.095812502,-0.325248507,2.5801446,-0.287754302,-0.273456998,-0.198279296,0.305240996,0.311851134,0.60350576,0.002374774,-0.287354382,3.101165019,Amphibolurus_burnsi,Amphibolurus_burnsi
Amphibolurus_centralis,1,1,0.887622317,0.032936405,-0.897287312,-0.242785846,0.042175136,-1.028890903,-1.317235886,-0.167982593,-0.487618994,2.695628154,-0.140418937,-0.218844665,-0.078208349,0.243000638,0.324692327,0.60674167,0.152207962,-0.405731124,2.931992959,Amphibolurus_centralis,Amphibolurus_centralis
Ctenophorus_cristatus,5,1,0.941015289,0.120439308,-0.584219595,-0.306478861,0.033054082,-1.527974876,-1.274672566,-0.294965019,-0.353907554,2.442938146,-0.188847214,-0.26152373,-0.170247608,0.400452311,0.501343291,0.773049207,0.158381284,-0.407835896,2.992964884,Ctenophorus_cristatus,Ctenophorus_cristatus
Ctenophorus_scutulatus,5,1,1.069242231,0.192917456,-0.61570837,-0.252721,0.041733568,-1.558355646,-1.351660835,-0.297254639,-0.280110877,2.606926857,-0.211499544,-0.274572557,-0.216856418,0.286357371,0.409073565,0.678618851,0.117017094,-0.343147105,2.978447386,Ctenophorus_scutulatus,Ctenophorus_scutulatus
Gowidon_longirostris,1,1,0.962299117,-0.023947347,-0.780480189,-0.333934184,-0.022891241,-1.080908504,-1.29262012,-0.275356125,-0.584554248,2.76309851,-0.243596812,-0.27298123,-0.14541899,0.31615999,0.391985392,0.745649534,0.02023447,-0.142738023,2.964563238,Gowidon_longirostris,Gowidon_longirostris
Lophognathus_gilberti,1,1,0.897556694,0.03954437,-0.812017678,-0.353162924,0.043100456,-1.110072199,-1.161513485,-0.200363532,-0.538875583,2.716897126,-0.196785037,-0.241185526,-0.095153971,0.269050301,0.383958017,0.707971106,0.003116251,-0.352064385,2.784361084,Lophognathus_gilberti,Lophognathus_gilberti
Lophognathus_horneri,1,1,0.929567481,0.082598406,-0.782015585,-0.271762446,0.021254426,-1.202288014,-1.34234703,-0.259654257,-0.371706177,2.654787295,-0.26243547,-0.2501333,-0.126103577,0.309722628,0.383019504,0.696236924,0.098146423,-0.306887233,3.044819808,Lophognathus_horneri,Lophognathus_horneri
Tropicagama_temporalis,1,1,0.872715287,-0.028279145,-0.960652345,-0.243645819,0.082767819,-1.04932712,-1.22526128,-0.086996219,-0.538426113,2.727709555,-0.221989134,-0.316278082,-0.088004647,0.313995254,0.333852709,0.748382697,0.136464057,-0.457027473,2.941308927,Tropicagama_temporalis,Tropicagama_temporalis
Amphibolurus_muricatus,2,2,1.07703712,0.4898191,-0.645179171,-0.339243658,0.164752116,-1.225089363,-1.212332926,-0.175336017,-0.554430669,2.467908148,-0.268449926,-0.290174427,-0.10500664,0.174527142,0.206254632,0.558921995,0.049891704,-0.37386916,2.921163582,Amphibolurus_muricatus,Amphibolurus_muricatus
Amphibolurus_norrisi,1,2,0.971343412,0.328598877,-0.672494057,-0.270260387,0.120247921,-1.164020724,-1.289985876,-0.221741523,-0.521500837,2.459475971,-0.178062243,-0.300490051,-0.087809372,0.194843896,0.264411222,0.592526864,0.022393768,-0.24747686,2.825418375,Amphibolurus_norrisi,Amphibolurus_norrisi
Ctenophorus_caudicinctus,5,2,0.906648567,0.225188463,-0.652797727,-0.257466284,0.204661764,-1.576909984,-1.268655758,-0.134302233,-0.538585577,2.436771543,-0.146565588,-0.194278984,-0.16985495,0.30917941,0.420232971,0.628322814,0.029907099,-0.221495544,2.754795454,Ctenophorus_caudicinctus,Ctenophorus_caudicinctus
Ctenophorus_decresii,5,2,1.02904624,0.479400061,-0.482400447,-0.433242568,0.229329888,-1.416876872,-1.258721381,-0.33494475,-0.526384233,2.367482989,-0.254779989,-0.254779989,-0.059556279,0.249344852,0.347834685,0.576574221,-0.056428645,-0.200897781,2.686637417,Ctenophorus_decresii,Ctenophorus_decresii
Ctenophorus_fionni,5,2,0.948297763,0.431845366,-0.529021156,-0.422326174,0.288128091,-1.356090007,-1.240854743,-0.223367999,-0.458431179,2.265703154,-0.285628768,-0.27544996,-0.121030156,0.296936369,0.383681965,0.597523124,-0.044517696,-0.255397994,2.637718055,Ctenophorus_fionni,Ctenophorus_fionni
Ctenophorus_gibba,2,2,1.02303908,0.421181991,-0.527416984,-0.270521146,0.277274909,-1.602064992,-1.268328736,-0.039615589,-0.452842703,2.077205603,-0.063377936,-0.221937146,-0.224690073,0.288063395,0.346962852,0.514914469,0.06522933,-0.343076323,2.89952814,Ctenophorus_gibba,Ctenophorus_gibba
Ctenophorus_mirrityana,5,2,0.900477996,0.383413343,-0.560883265,-0.428567514,0.256505531,-1.317561555,-1.129312072,-0.262660292,-0.524824215,2.326905366,-0.213784262,-0.286381627,-0.127552302,0.282859997,0.344549597,0.586724864,0.103089758,-0.332999347,2.786587314,Ctenophorus_mirrityana,Ctenophorus_mirrityana
Ctenophorus_ornatus,5,2,1.015079035,0.42148925,-0.545168633,-0.611919123,0.180030771,-1.486044841,-1.225822749,-0.511733857,-0.309757777,2.314580265,-0.144476804,-0.246334689,-0.071422018,0.323611116,0.410232916,0.656859424,0.190079723,-0.35928201,2.714222334,Ctenophorus_ornatus,Ctenophorus_ornatus
Ctenophorus_salinarum,4,2,1.019761062,0.358358188,-0.608545334,-0.386333115,0.244108725,-1.366398135,-1.233535415,-0.120754193,-0.485089594,2.22506809,-0.18381363,-0.197249306,-0.118119724,0.177533129,0.306527327,0.503109586,0.066902269,-0.201529931,2.551952353,Ctenophorus_salinarum,Ctenophorus_salinarum
Ctenophorus_slateri,5,2,0.938229549,0.359482609,-0.659401412,-0.313108269,0.268375778,-1.563178347,-1.349319063,-0.06017905,-0.4676131,2.380842897,-0.184614877,-0.191103256,-0.146406239,0.337045771,0.436434383,0.644951876,-0.149176708,-0.281262541,2.817654134,Ctenophorus_slateri,Ctenophorus_slateri
Ctenophorus_vadnappa,5,2,0.92678772,0.357647025,-0.626800557,-0.354911388,0.238902324,-1.428883219,-1.1710225,-0.201677532,-0.626177116,2.371423153,-0.19700035,-0.266080174,-0.075998947,0.289303066,0.411511867,0.707330323,-0.066516811,-0.287836884,2.70842721,Ctenophorus_vadnappa,Ctenophorus_vadnappa
Ctenophorus_yinnietharra,5,2,1.039761147,0.501806132,-0.604069508,-0.510067445,0.170594152,-1.467271076,-1.371831772,-0.383205365,-0.29607389,2.327323944,-0.153501588,-0.257420692,-0.156177942,0.334616851,0.423900857,0.645092016,0.136611662,-0.380087483,2.725732066,Ctenophorus_yinnietharra,Ctenophorus_yinnietharra
Diporiphora_amphiboluroides,2,2,1.081955854,0.31174503,-0.604892062,-0.36525707,0.137402637,-1.035497342,-1.171315031,-0.130459744,-0.513631642,2.30686851,-0.152801968,-0.128665055,-0.166301942,0.083770482,0.173436493,0.319907402,0.071222899,-0.217487451,2.763606785,Diporiphora_amphiboluroides,Diporiphora_amphiboluroides
Diporiphora_nobbi,1,2,1.021150629,0.34580535,-0.532559801,-0.311695553,0.111802688,-1.210499216,-1.097278341,-0.206651043,-0.689121441,2.510627411,-0.259875805,-0.207125239,-0.082427213,0.229521872,0.244126594,0.597725931,-0.10087974,-0.362647083,2.744782454,Diporiphora_nobbi,Diporiphora_nobbi
Pogona_minor_minima,2,2,1.090320245,0.550866858,-0.53959154,-0.41000379,0.137570127,-1.326395476,-1.241278876,-0.291884314,-0.569688294,2.406430818,-0.120808629,-0.100602898,-0.057679098,0.166911242,0.232943997,0.456405935,-0.070967855,-0.312548454,2.926287975,Pogona_minor_minima,Pogona_minor_minima
Chelosania_brunnea,2,3,1.175128622,0.130352909,-1.057903532,-0.182294827,0.190450435,-1.035480448,-1.286521166,0.189485882,-0.616690873,2.276138993,-0.081001353,-0.103490977,-0.026346304,0.091469994,0.010680452,0.338210875,0.163827785,-0.176016467,2.841854819,Chelosania_brunnea,Chelosania_brunnea
Chlamydosaurus_kingii,3,4,0.852436619,0.170986063,-0.966022353,-0.1829311,-0.011822618,-1.176466099,-1.160344365,-0.08463263,-0.568801827,2.37312931,-0.093851068,-0.050506514,-0.086623831,0.302004735,0.280858572,0.4611002,0.486213495,-0.54472659,3.747168109,Chlamydosaurus_kingii,Chlamydosaurus_kingii
Hypsilurus_godeffroyi,3,4,1.098548739,-0.286506638,-1.140323008,-0.058867694,-0.056199162,-0.907693633,-1.483950237,0.077141857,-0.894401457,2.736179746,-0.014808801,-0.044466233,0.021302248,0.332114623,0.362043524,0.634788328,0.180556901,-0.555459101,3.729964978,Hypsilurus_godeffroyi,Hypsilurus_godeffroyi
Hypsilurus_magnus,3,4,0.988576663,0.153992455,-0.899254952,-0.117681538,0.080139026,-1.044581776,-1.218619292,-0.065444436,-0.547579245,2.707575517,-0.125895345,-0.186551787,-0.077595019,0.190566233,0.202588357,0.56516229,0.007279605,-0.612676755,3.6143911,Hypsilurus_magnus,Hypsilurus_magnus
Hypsilurus_nigrigularis,3,4,1.068409737,-0.097940569,-0.907007295,-0.135134604,-0.035035455,-0.930452913,-1.330277028,-0.112169426,-0.63617766,2.733482984,-0.122365339,-0.123179008,-0.057725155,0.290150899,0.270357963,0.641123945,0.092890333,-0.608951409,3.547848746,Hypsilurus_nigrigularis,Hypsilurus_nigrigularis
Hypsilurus_papuensis,3,4,1.008118294,-0.155767818,-1.397393343,-0.034027383,0.152765954,-0.878192899,-1.168223309,0.11090931,-0.886830566,2.886691532,-0.11558384,-0.035372825,0.033866846,0.218854444,0.294732114,0.594200252,0.074186202,-0.702932964,3.426856515,Hypsilurus_papuensis,Hypsilurus_papuensis
Intellagama_lesueurii,3,4,0.88504358,0.212462677,-0.840825469,-0.244935783,0.25895699,-1.146960094,-1.398956275,-0.097872184,-0.248665183,2.406551419,-0.215157272,-0.185818796,-0.102381048,0.303471331,0.278731394,0.549311809,0.008361986,-0.42131908,3.758866435,Intellagama_lesueurii,Intellagama_lesueurii
Physignathus_cocincinus,3,4,0.930433427,-0.143006369,-1.107627492,-0.097997071,0.044900964,-0.926959619,-1.284692863,-0.005022835,-0.564357156,2.587623481,-0.090138298,-0.088724604,-0.054562522,0.355775256,0.311894222,0.552028261,0.074293354,-0.493860137,3.655248082,Physignathus_cocincinus,Physignathus_cocincinus
Cryptagama_aurita,4,5,1.120690518,0.603227641,-0.336449457,-0.395930367,0.448159278,-1.207982288,-0.889222513,-0.028550593,-0.721697773,1.504547204,-0.051588261,-0.141879278,-0.163561932,0.15402973,0.132673503,0.345722219,-0.149444051,-0.222743579,1.891079133,Cryptagama_aurita,Cryptagama_aurita
Tympanocryptis_cephalus,4,5,1.049495335,0.584302588,-0.422371366,-0.305079591,0.252070851,-1.562996429,-1.071288561,-0.122103073,-0.742186104,1.890026021,0.004954374,-0.07152774,-0.072485824,0.21878434,0.240397228,0.366982011,0.019704229,-0.256678288,2.417411757,Tympanocryptis_cephalus,Tympanocryptis_cephalus
Tympanocryptis_diabolicus,4,5,1.035356644,0.521906271,-0.38740984,-0.357025103,0.327831875,-1.576133082,-1.131477111,-0.048660562,-0.795538065,2.00011593,0.045109157,-0.07399781,-0.242419529,0.231602091,0.243560096,0.401853128,0.091639632,-0.286313723,2.340437456,Tympanocryptis_diabolicus,Tympanocryptis_diabolicus
Tympanocryptis_einasleighensis,4,5,1.142981947,0.603662694,-0.474743908,-0.194315412,0.319153968,-1.346278214,-1.038639538,-0.017357874,-0.877584343,1.942358076,-0.100570743,-0.100570743,-0.15029536,0.102671351,0.138889699,0.295915743,-0.183127404,-0.062149942,2.216525007,Tympanocryptis_einasleighensis,Tympanocryptis_einasleighensis
Tympanocryptis_fictilis,4,5,1.101538988,0.424986256,-0.381070031,-0.316848234,0.260565644,-1.434649948,-1.157258422,-0.068369597,-0.816220619,1.976580597,-0.027116428,-0.097079703,-0.08091426,0.211617854,0.237260284,0.398723805,-0.068369597,-0.163376588,2.360230726,Tympanocryptis_fictilis,Tympanocryptis_fictilis
Tympanocryptis_fortescuensis,4,5,1.010350682,0.527949816,-0.42185958,-0.42247064,0.262185006,-1.557812859,-1.083538085,-0.128239158,-0.872304163,2.070957059,0.014679493,-0.01077667,-0.102018463,0.252895096,0.284938654,0.469149891,-0.004586366,-0.289499714,2.370012111,Tympanocryptis_fortescuensis,Tympanocryptis_fortescuensis
Tympanocryptis_gigas,4,5,1.061821596,0.535985049,-0.456956389,-0.351862474,0.335612152,-1.562830318,-0.970705805,-0.080075691,-0.882422164,2.021199933,0.020729008,-0.119777189,-0.062467779,0.205841502,0.16865209,0.340084123,0.034800535,-0.23762818,2.338708897,Tympanocryptis_gigas,Tympanocryptis_gigas
Tympanocryptis_intima,4,5,1.00789171,0.456081743,-0.491481666,-0.334869499,0.282760155,-1.495920108,-1.089192488,-0.0964482,-0.715468325,2.019263179,-0.035807863,-0.121745457,0.007495336,0.221300938,0.232899753,0.430306518,-0.051009574,-0.226056152,2.332626361,Tympanocryptis_intima,Tympanocryptis_intima
Tympanocryptis_pinguicolla,4,5,1.176910815,0.398245685,-0.384610283,-0.194241523,0.271500944,-1.333268154,-1.028269631,-0.013163361,-0.939025413,1.910051735,-0.185888806,-0.229332843,-0.03398517,0.097509613,0.113393925,0.36869719,0.226636961,-0.221161684,2.161819971,Tympanocryptis_pinguicolla,Tympanocryptis_pinguicolla
Tympanocryptis_pseudopsephos,4,5,1.082100945,0.735648409,-0.364377425,-0.45007346,0.374869858,-1.502969577,-1.077187453,-0.076757761,-1.106639336,1.908823588,0.033235333,-0.059495152,-0.051613157,0.202840801,0.185131112,0.385067978,0.098957739,-0.317562441,2.262996286,Tympanocryptis_pseudopsephos,Tympanocryptis_pseudopsephos
Tympanocryptis_tolleyi,4,5,1.14170333,0.519333252,-0.427540903,-0.389242053,0.295974532,-1.510744566,-1.060428892,-0.111429188,-0.840800283,2.130490856,-0.108845207,-0.188377292,-0.023259577,0.176818701,0.17754571,0.408411307,0.023879409,-0.213489134,2.15653805,Tympanocryptis_tolleyi,Tympanocryptis_tolleyi
Tympanocryptis_wilsoni,4,5,1.041109369,0.598501958,-0.379244814,-0.303404762,0.239442591,-1.516219936,-1.049786268,-0.135698787,-0.922117972,2.08145275,-0.094116122,-0.135698787,-0.031579736,0.147631398,0.25429947,0.443535032,0.017860911,-0.255966296,2.340395379,Tympanocryptis_wilsoni,Tympanocryptis_wilsoni
Ctenophorus_adelaidensis,4,6,1.070269239,0.48284951,-0.418618411,-0.326168982,0.239925844,-1.353566401,-1.222273859,-0.099996655,-0.432766078,2.150162641,-0.117897865,-0.176506185,-0.173319162,0.053923583,0.21865256,0.509798135,-0.20625363,-0.198214283,2.106867504,Ctenophorus_adelaidensis,Ctenophorus_adelaidensis
Ctenophorus_butlerorum,4,6,1.076431162,0.35224034,-0.394849394,-0.429551671,0.200331311,-1.538021112,-1.176602608,-0.210634793,-0.291005898,2.06073528,-0.04874648,-0.220533904,-0.191898882,0.161173292,0.264085826,0.589821358,-0.014163749,-0.188810077,2.058301895,Ctenophorus_butlerorum,Ctenophorus_butlerorum
Ctenophorus_chapmani,4,6,0.939600378,0.383544859,-0.451423189,-0.36539047,0.267132089,-1.230802244,-1.082008971,-0.167246123,-0.288859114,2.003698899,-0.081651539,-0.177835462,-0.178522512,0.123743419,0.18387486,0.390960974,0.05678049,-0.325596344,2.162966325,Ctenophorus_chapmani,Ctenophorus_chapmani
Ctenophorus_clayi,4,6,1.013525599,0.458990262,-0.506935585,-0.300799754,0.224841841,-1.366263106,-1.117085846,0.062144991,-0.551942235,2.036388821,-0.170357691,-0.201203639,-0.18525951,0.101953284,0.240726396,0.413783198,0.09468493,-0.247191957,2.194814924,Ctenophorus_clayi,Ctenophorus_clayi
Ctenophorus_maculosus,4,6,0.982173755,0.330207905,-0.516096906,-0.334602822,0.288249789,-1.556393469,-1.077824103,-0.05075674,-0.4410677,2.02587625,-0.07696187,-0.132879099,-0.03744591,0.190605627,0.258275714,0.425576148,-0.04454361,-0.232392959,2.420688906,Ctenophorus_maculosus,Ctenophorus_maculosus
Ctenophorus_nguyarna,4,6,1.055870784,0.48967377,-0.390621231,-0.417689668,0.181890519,-1.534965954,-1.126769848,-0.184161808,-0.402006553,2.224727865,-0.189844987,-0.155073078,-0.117706589,0.172513136,0.258311657,0.522471359,-0.027147968,-0.359471406,2.543835868,Ctenophorus_nguyarna,Ctenophorus_nguyarna
Ctenophorus_parviceps,4,6,1.070225436,0.495127876,-0.412945276,-0.39156625,0.206023196,-1.39822888,-1.151715229,-0.161426527,-0.354025962,2.040830455,-0.153946527,-0.270089673,-0.152173792,0.1378965,0.285017875,0.581922899,0.055908267,-0.426834388,2.106264673,Ctenophorus_parviceps,Ctenophorus_parviceps
Diporiphora_bennettii,4,6,0.925464126,0.389886592,-0.59500301,-0.32462044,0.237448801,-1.133927977,-1.108502879,-0.062873632,-0.640593491,2.087519645,-0.146255241,-0.121313143,-0.143700962,0.121162141,0.204455661,0.462550791,0.025729614,-0.177426596,2.202939796,Diporiphora_bennettii,Diporiphora_bennettii
Diporiphora_pallida,4,6,1.03144563,0.17170417,-0.541564414,-0.269243627,0.222200334,-1.374067115,-0.870746217,-0.013809728,-0.666998596,2.386915633,-0.203351533,-0.158017992,-0.07563411,0.125847944,0.181615054,0.541342533,-0.210624292,-0.277013673,2.134872944,Diporiphora_pallida,Diporiphora_pallida
Rankinia_diemensis,4,6,1.071788042,0.527483742,-0.249161151,-0.201915709,0.240543125,-1.164001556,-1.258949483,-0.093974309,-0.585923705,2.164573186,-0.128533163,-0.283613377,-0.188166638,0.05970283,0.116328242,0.450255643,-0.146707614,-0.329728105,2.584697344,Rankinia_diemensis,Rankinia_diemensis
Tympanocryptis_argillosa,4,6,1.059103916,0.459615903,-0.451418927,-0.306128862,0.30478022,-1.424136639,-1.015933411,-0.08938299,-0.633118731,2.118881227,-0.06012153,-0.234961382,-0.124319666,0.187883132,0.184125494,0.40075375,-0.099017874,-0.276603629,2.17908422,Tympanocryptis_argillosa,Tympanocryptis_argillosa
Tympanocryptis_centralis,4,6,0.985635436,0.437565772,-0.458506819,-0.312201301,0.30072168,-1.537894948,-1.063173238,-0.090278007,-0.576352877,2.148756507,-0.088013,-0.180768145,-0.066662327,0.118069724,0.17370847,0.39682523,0.043253386,-0.230685544,2.193191904,Tympanocryptis_centralis,Tympanocryptis_centralis
Tympanocryptis_condaminensis,4,6,1.02655187,0.494302048,-0.407946603,-0.226821935,0.227700341,-1.539212019,-1.116939792,-0.130915722,-0.677789205,2.104709959,-0.067673378,-0.158760968,-0.098794684,0.127855007,0.236530023,0.49872867,-0.023665801,-0.26785781,2.397873638,Tympanocryptis_condaminensis,Tympanocryptis_condaminensis
Tympanocryptis_darlingensis,4,6,1.11828069,0.627237384,-0.400606441,-0.256723516,0.229456764,-1.429898401,-1.119743472,-0.19976208,-0.745190089,2.133817911,-0.143546782,-0.156505009,-0.109518602,0.139322122,0.202647087,0.413109799,0.017514776,-0.319892141,2.392309068,Tympanocryptis_darlingensis,Tympanocryptis_darlingensis
Tympanocryptis_hobsoni,4,6,0.986901773,0.514977564,-0.369647519,-0.227185974,0.189302868,-1.533620359,-1.107321164,-0.173093749,-0.672137863,1.954344705,-0.077660838,-0.149301632,-0.057413132,0.209765526,0.283829656,0.513619637,-0.049825237,-0.235534263,2.357795802,Tympanocryptis_hobsoni,Tympanocryptis_hobsoni
Tympanocryptis_houstoni,4,6,1.099008767,0.513388888,-0.4503949,-0.30512169,0.23824269,-1.419222966,-1.038766663,-0.145261935,-0.574298994,2.153835072,-0.115691864,-0.214598329,-0.150248647,0.111051125,0.208656768,0.425823462,-0.052834972,-0.283565813,2.298849713,Tympanocryptis_houstoni,Tympanocryptis_houstoni
Tympanocryptis_lineata,4,6,1.052406432,0.474551208,-0.485731803,-0.295184857,0.270374812,-1.453094403,-1.083101405,-0.066492586,-0.713678831,2.222785797,-0.065570785,-0.190365445,-0.09676483,0.161251495,0.190917242,0.490881,-0.125696453,-0.287486589,2.162360965,Tympanocryptis_lineata,Tympanocryptis_lineata
Tympanocryptis_macra,4,6,1.049536646,0.410800977,-0.501287155,-0.271848684,0.166474235,-1.404170935,-1.068888466,-0.156004893,-0.736921016,2.165177524,-0.029387277,-0.108515753,-0.115865725,0.183510004,0.249346443,0.423786298,0.060976366,-0.316718587,2.43498012,Tympanocryptis_macra,Tympanocryptis_macra
Tympanocryptis_pentalineata,4,6,1.022884501,0.501404932,-0.449850181,-0.327940249,0.256501864,-1.419697017,-1.104878403,-0.159105319,-0.804482223,2.18833034,-0.11162663,-0.173272479,-0.069370844,0.17342732,0.246563642,0.44419076,0.046640051,-0.259720063,2.260186036,Tympanocryptis_pentalineata,Tympanocryptis_pentalineata
Tympanocryptis_petersi,4,6,1.146937802,0.540609413,-0.518334088,-0.275471759,0.240706071,-1.445063969,-1.10991536,-0.132818228,-0.734325513,2.175153246,-0.068851121,-0.19450802,-0.127845155,0.202525709,0.20815452,0.409496401,-0.064185482,-0.252264466,2.215172191,Tympanocryptis_petersi,Tympanocryptis_petersi
Tympanocryptis_rustica,4,6,1.135840557,0.518762245,-0.449739627,-0.313850222,0.300366953,-1.438086484,-1.045240765,-0.101107359,-0.654252856,2.168304872,-0.098812201,-0.205906349,-0.144786526,0.075183488,0.168547852,0.35221377,-0.017183618,-0.250253731,2.264890049,Tympanocryptis_rustica,Tympanocryptis_rustica
Tympanocryptis_tetraporophora,4,6,1.067347753,0.469355067,-0.467727673,-0.310421014,0.224667345,-1.643111976,-0.991526451,-0.15532679,-0.681250626,2.180950255,-0.061189027,-0.119964501,-0.085516899,0.20928576,0.266353204,0.438501874,-0.011105334,-0.329320966,2.362344527,Tympanocryptis_tetraporophora,Tympanocryptis_tetraporophora
Ctenophorus_badius,5,7,0.970712442,0.182479944,-0.608453687,-0.333580573,0.052358113,-1.561785691,-1.092371858,-0.33220031,-0.348890545,2.599453106,-0.097264493,-0.245073997,-0.112649412,0.23467967,0.42181487,0.706735183,-0.084263226,-0.351699535,2.313201779,Ctenophorus_badius,Ctenophorus_badius
Ctenophorus_dualis,5,7,0.995530581,0.464534891,-0.533830021,-0.288647388,0.074693618,-1.414433024,-1.251496819,-0.303102842,-0.413052627,2.458436044,-0.251177879,-0.228484796,-0.167650219,0.189816158,0.379133382,0.676317452,0.009137822,-0.395724332,2.511377255,Ctenophorus_dualis,Ctenophorus_dualis
Ctenophorus_femoralis,5,7,1.024740919,0.23219173,-0.574673642,-0.521778781,0.005714593,-1.47703688,-1.178437668,-0.40362044,-0.444598795,2.6627294,-0.12820846,-0.234836002,-0.161226229,0.36502747,0.522453425,0.852834445,-0.024130819,-0.517144267,2.30011523,Ctenophorus_femoralis,Ctenophorus_femoralis
Ctenophorus_fordi,5,7,1.000444646,0.134857122,-0.489671089,-0.420154794,0.087491176,-1.501817525,-1.117789031,-0.318831722,-0.471940895,2.511717062,-0.170107392,-0.256110777,-0.078984037,0.289341524,0.481788489,0.819910891,-0.056099743,-0.444043904,2.23538662,Ctenophorus_fordi,Ctenophorus_fordi
Ctenophorus_graafi,5,7,0.958859035,0.225109697,-0.553740022,-0.363895592,0.112677684,-1.743786516,-1.185996101,-0.250643386,-0.532922616,2.445223273,-0.120193936,-0.149786303,-0.081715781,0.349258881,0.448342358,0.730514446,0.057501876,-0.344806996,2.598201844,Ctenophorus_graafi,Ctenophorus_graafi
Ctenophorus_griseus,5,7,0.983346701,0.192706866,-0.561478641,-0.334860939,0.057532088,-1.399807831,-1.256478703,-0.245417457,-0.45849043,2.525820826,-0.130788287,-0.274444687,-0.128864748,0.293669008,0.399485969,0.69839917,0.061114181,-0.421443085,2.471391448,Ctenophorus_griseus,Ctenophorus_griseus
Ctenophorus_infans,5,7,0.884323698,0.321429449,-0.567184111,-0.376382381,0.184083145,-1.529439784,-1.179972078,-0.273092582,-0.50502754,2.338539406,-0.167910973,-0.307937501,-0.089621673,0.344431788,0.46356146,0.723834363,0.056014421,-0.319649107,2.553687657,Ctenophorus_infans,Ctenophorus_infans
Ctenophorus_isolepis_citrinus,5,7,0.950169774,0.15375936,-0.506883969,-0.316405443,0.143228683,-1.293159623,-1.223710235,-0.235321766,-0.440494587,2.335737126,-0.230576798,-0.268567499,-0.041375607,0.228270152,0.349289033,0.66442381,0.144042684,-0.412425094,2.36474324,Ctenophorus_isolepis_citrinus,Ctenophorus_isolepis_citrinus
Ctenophorus_isolepis_gularis,5,7,0.969820473,0.226883663,-0.56193582,-0.289508961,0.049473991,-1.661345239,-1.273579708,-0.312216288,-0.36642146,2.4613031,-0.162598345,-0.234611732,-0.144064587,0.329670268,0.52626388,0.774741342,0.018296932,-0.350171508,2.398509305,Ctenophorus_isolepis_gularis,Ctenophorus_isolepis_gularis
Ctenophorus_isolepis_isolepis,5,7,1.014306635,0.145568908,-0.690816734,-0.309026315,0.070552308,-1.502159918,-1.205227086,-0.283426698,-0.41790045,2.580342811,-0.174227406,-0.215973473,-0.1712761,0.294235628,0.465030425,0.758285708,-0.004297581,-0.353990662,2.491701111,Ctenophorus_isolepis_isolepis,Ctenophorus_isolepis_isolepis
Ctenophorus_maculatus,5,7,0.993184115,0.112913448,-0.604595473,-0.384662991,0.044113956,-1.413985569,-1.124919413,-0.297074508,-0.499913363,2.635025452,-0.162014366,-0.293003026,-0.117476512,0.252780026,0.43758346,0.71444398,0.141969746,-0.434368962,2.292228233,Ctenophorus_maculatus,Ctenophorus_maculatus
Ctenophorus_mckenziei,5,7,0.999209749,0.190595567,-0.578781061,-0.320580626,0.049676278,-1.178807557,-1.221043564,-0.231730128,-0.331155275,2.451306588,-0.308383228,-0.276677828,-0.243346909,0.303248044,0.4144539,0.651621053,0.139910865,-0.50951587,2.572573933,Ctenophorus_mckenziei,Ctenophorus_mckenziei
Ctenophorus_pictus,5,7,1.000209453,0.388312272,-0.566041542,-0.306321014,0.161784623,-1.336535492,-1.209168896,-0.19870249,-0.412938185,2.301050668,-0.270389005,-0.209983835,-0.182803904,0.182430517,0.320898619,0.568552663,0.112929267,-0.343283719,2.435147781,Ctenophorus_pictus,Ctenophorus_pictus
Ctenophorus_rubens,5,7,0.975415304,0.141779556,-0.555667431,-0.365206725,0.069388615,-1.428346601,-1.22793457,-0.242604402,-0.457255219,2.40375223,-0.177617807,-0.189498324,-0.223236463,0.30520797,0.489224283,0.737817336,0.080461174,-0.335678926,2.685386126,Ctenophorus_rubens,Ctenophorus_rubens
Ctenophorus_rufescens,5,7,0.980642107,0.389167435,-0.726908771,-0.507434949,0.083614362,-1.497833653,-1.268375241,-0.390212294,-0.528667169,2.416449241,-0.110408709,-0.193421926,-0.058395335,0.351618276,0.534858909,0.773732296,0.169830479,-0.418255056,2.578508241,Ctenophorus_rufescens,Ctenophorus_rufescens
Ctenophorus_spinodomus,5,7,0.996316491,0.358329347,-0.589401605,-0.37770093,0.053137447,-1.304025191,-1.240274796,-0.267526728,-0.459131178,2.47326522,-0.208217953,-0.293188513,-0.07065677,0.22586009,0.401232066,0.752035902,-0.007036663,-0.443016237,2.171125679,Ctenophorus_spinodomus,Ctenophorus_spinodomus
Ctenophorus_tjakalpa,5,7,0.991898041,0.222048448,-0.552253633,-0.401855788,0.035131103,-1.390102604,-1.225704564,-0.338192796,-0.412020067,2.589588815,-0.177079964,-0.251211833,-0.092530972,0.247361045,0.449600774,0.770345733,0.075993297,-0.541015034,2.262441449,Ctenophorus_tjakalpa,Ctenophorus_tjakalpa
Ctenophorus_tuniluki,5,7,0.888862133,0.343298099,-0.642816414,-0.254961824,0.111981706,-1.471991868,-1.147840116,-0.078580039,-0.477682453,2.375111592,-0.285892125,-0.316009547,-0.04510411,0.128261135,0.438185356,0.808639715,0.028905876,-0.402367116,2.031607656,Ctenophorus_tuniluki,Ctenophorus_tuniluki
Diporiphora_sobria,5,7,0.880336608,0.09962372,-0.671094138,-0.373044981,0.094596641,-1.281476823,-1.11566325,-0.228130601,-0.437583502,2.563087053,-0.144224504,-0.174711623,-0.15113982,0.217213873,0.325656055,0.657612617,0.026627807,-0.287685132,2.462436853,Diporiphora_sobria,Diporiphora_sobria
Diporiphora_valens,1,7,1.012105806,0.11017285,-0.5639298,-0.387916206,0.009741793,-1.331419501,-1.228525078,-0.261400417,-0.301331041,2.698204075,-0.211953376,-0.173052282,-0.064448771,0.123676142,0.26279641,0.594709132,0.087783855,-0.37521359,2.444920403,Diporiphora_valens,Diporiphora_valens
Ctenophorus_nuchalis,2,8,1.241190763,0.507919889,-0.520449075,-0.26647806,0.314939157,-1.41864183,-1.231558956,-0.115598029,-0.260306666,2.098410916,-0.275326617,-0.164910443,-0.135032174,0.114726882,0.214771619,0.286174767,0.05128279,-0.441114934,2.90553539,Ctenophorus_nuchalis,Ctenophorus_nuchalis
Ctenophorus_reticulatus,2,8,1.149328753,0.478491925,-0.522047061,-0.243046178,0.327433067,-1.459504382,-1.212538198,-0.162384563,-0.234531226,2.165402322,-0.243549323,-0.279674681,-0.168201915,0.122393064,0.236095651,0.350480743,0.086322706,-0.390470703,2.827295271,Ctenophorus_reticulatus,Ctenophorus_reticulatus
Pogona_barbata,2,8,1.070246823,0.638383596,-0.533312494,-0.282990326,0.374072289,-1.418407901,-1.301185786,-0.058226592,-0.444133974,2.054422459,-0.162251788,-0.165541941,-0.082098542,0.064293894,0.101643133,0.262998504,0.1018008,-0.219712154,3.354988955,Pogona_barbata,Pogona_barbata
Pogona_henrylawsoni,2,8,1.12172348,0.562071259,-0.47066446,-0.270710354,0.341538426,-1.46012686,-1.158097339,0.024276353,-0.429957085,1.834781865,-0.098212058,-0.115638439,-0.113631414,0.158135203,0.093851297,0.24689575,0.102368891,-0.368604514,3.106860557,Pogona_henrylawsoni,Pogona_henrylawsoni
Pogona_microlepidota,2,8,1.008624552,0.724142704,-0.64899838,-0.425201685,0.224199177,-1.257617604,-1.253622925,-0.11379005,-0.410510365,2.366500934,-0.130074961,-0.133103955,-0.20612909,0.227830593,0.199336018,0.304556664,-0.038089298,-0.438052329,3.271853735,Pogona_microlepidota,Pogona_microlepidota
Pogona_minor_minor,2,8,1.15289084,0.642684161,-0.639869272,-0.302049464,0.302285457,-1.187896292,-1.198841675,-0.116536379,-0.491784682,2.19784329,-0.173555221,-0.162136721,-0.124363542,0.080924239,0.061822534,0.259924575,-0.033785478,-0.267556371,3.095461534,Pogona_minor_minor,Pogona_minor_minor
Pogona_minor_mitchelli,2,8,1.090271314,0.555247228,-0.690404919,-0.279610018,0.484775573,-1.244400258,-1.248331253,0.032237829,-0.394055606,2.219863332,-0.2738129,-0.130216721,-0.146223985,0.076483362,0.047085105,0.182262638,-0.086548994,-0.194621727,3.278670081,Pogona_minor_mitchelli,Pogona_minor_mitchelli
Pogona_nullarbor,2,8,1.104275369,0.584408739,-0.55739686,-0.249153978,0.267668665,-1.300911379,-1.273733486,-0.112732031,-0.347521459,2.051926223,-0.173586277,-0.156033481,-0.116017401,0.070420109,0.17123678,0.252304603,0.058662378,-0.273816516,3.060061565,Pogona_nullarbor,Pogona_nullarbor
Pogona_vitticeps,2,8,1.175797886,0.708662644,-0.541674753,-0.317437708,0.512949825,-1.33002271,-1.309477101,-0.053897171,-0.310033493,2.015289602,-0.154148583,-0.17943545,-0.217666554,0.107937168,0.069273403,0.182177775,-0.097578232,-0.260716548,3.447482319,Pogona_vitticeps,Pogona_vitticeps
Diporiphora_adductus,1,9,1.1165696,0.300906711,-0.552716281,-0.416122746,-0.110702255,-1.208499215,-1.172480916,-0.303848913,-0.691336743,2.765920655,-0.112607276,-0.126045021,-0.060592368,0.099855631,0.247629826,0.600630919,0.127445086,-0.504006694,2.329362113,Diporiphora_adductus,Diporiphora_adductus
Diporiphora_albilabris,1,9,0.850097027,0.176452994,-0.71706655,-0.268298932,0.181603927,-1.183140505,-1.146026099,-0.096126458,-0.512365622,2.339379423,-0.160556466,-0.189620599,-0.092065264,0.105185279,0.254698527,0.533891951,0.146894191,-0.222936824,2.316959049,Diporiphora_albilabris,Diporiphora_albilabris
Diporiphora_australis,1,9,0.973273414,0.05294169,-0.648920143,-0.253473445,0.104722934,-1.128156636,-1.157438681,-0.092330707,-0.587052033,2.62873366,-0.195047008,-0.221571271,-0.097149994,0.186902311,0.24300615,0.517825583,0.054025701,-0.380291526,2.573898456,Diporiphora_australis,Diporiphora_australis
Diporiphora_bilineata,1,9,0.995900101,0.001214255,-0.675895927,-0.397346338,0.11026311,-1.264592096,-1.097398034,-0.123230645,-0.554304217,2.605622684,-0.140525521,-0.162346743,-0.13993433,0.145306822,0.242211336,0.584056145,0.094726566,-0.223727166,2.275283504,Diporiphora_bilineata,Diporiphora_bilineata
Diporiphora_carpentariensis,1,9,0.974166837,0.189158682,-0.663801672,-0.344252272,0.086627979,-1.282521911,-1.120583581,-0.186954607,-0.665589781,2.67488976,-0.163933585,-0.206269413,-0.096621888,0.21564159,0.280932839,0.609985462,0.015856096,-0.316730535,2.386121741,Diporiphora_carpentariensis,Diporiphora_carpentariensis
Diporiphora_gracilis,1,9,1.004027609,-0.040712151,-0.590332994,-0.487774057,0.058584201,-1.200489012,-1.085237455,-0.231253656,-0.785884162,2.770819219,-0.150547135,-0.206572125,0.007308803,0.143922412,0.280026204,0.636919108,0.1770848,-0.29988961,2.224138263,Diporiphora_gracilis,Diporiphora_gracilis
Diporiphora_granulifera,1,9,1.026440735,0.098651737,-0.754616291,-0.371351892,0.098141402,-1.25881059,-1.111006131,-0.143809865,-0.654779987,2.685085032,-0.163729535,-0.221994021,-0.031774666,0.168913644,0.238561553,0.645454987,0.047537445,-0.296913557,2.366052206,Diporiphora_granulifera,Diporiphora_granulifera
Diporiphora_jugularis,1,9,1.021559606,-0.009550114,-0.676093065,-0.302584684,0.066163819,-1.195376517,-1.101696428,-0.14897763,-0.713499397,2.602175811,-0.119131522,-0.165899303,-0.098978578,0.234417075,0.294368774,0.639882183,0.028242769,-0.355022798,2.521788168,Diporiphora_jugularis,Diporiphora_jugularis
Diporiphora_lalliae,1,9,1.035637212,0.116007821,-0.696286466,-0.361219217,0.067217657,-1.279415689,-1.15862097,-0.182761785,-0.589575511,2.73104739,-0.252262364,-0.223012187,-0.083028442,0.178533686,0.240432992,0.566604056,0.140602904,-0.249901088,2.505394573,Diporiphora_lalliae,Diporiphora_lalliae
Diporiphora_linga,5,9,0.889456725,0.102444406,-0.568843981,-0.326427884,0.116502584,-1.204232327,-1.104756439,-0.2137243,-0.460717025,2.473101136,-0.17152003,-0.195418226,-0.108600667,0.167608595,0.2918769,0.628145034,0.055430977,-0.370325477,2.164858873,Diporiphora_linga,Diporiphora_linga
Diporiphora_magna,1,9,0.985660044,0.149595675,-0.702928781,-0.375609242,0.085376989,-1.126268406,-1.138436343,-0.213165436,-0.588439571,2.620723812,-0.192686904,-0.208069883,-0.016473386,0.15172598,0.232927523,0.547031478,0.133291453,-0.344255003,2.494271497,Diporiphora_magna,Diporiphora_magna
Diporiphora_margaretae,1,9,1.020772349,0.284765611,-0.582033381,-0.36090718,0.105252237,-1.276390483,-1.094607139,-0.098915794,-0.575605074,2.522077823,-0.207541483,-0.220934541,-0.111173609,0.143630542,0.227238423,0.59708658,-0.077758794,-0.294956086,2.406985818,Diporiphora_margaretae,Diporiphora_margaretae
Diporiphora_paraconvergens,1,9,1.0972546,-0.027798006,-0.607713161,-0.358710624,-0.021054892,-1.426893849,-1.20726524,-0.190237339,-0.504481541,2.830335073,-0.15366505,-0.222592151,-0.090047763,0.14363909,0.249751717,0.607983783,0.115663621,-0.234168269,2.251069292,Diporiphora_paraconvergens,Diporiphora_paraconvergens
Diporiphora_perplexa,1,9,0.970882508,-0.088853704,-0.720125481,-0.356677825,0.101972726,-1.195736199,-1.104523739,-0.204151841,-0.537087335,2.590339042,-0.136169321,-0.145568113,-0.234386096,0.242309829,0.295105199,0.640244326,0.024368756,-0.141942732,2.480136252,Diporiphora_perplexa,Diporiphora_perplexa
Diporiphora_phaeospinosa,1,9,0.872927835,0.21601484,-0.549993689,-0.31656727,0.139594194,-1.231580047,-1.064919005,-0.203969579,-0.62231435,2.579754356,-0.294310408,-0.277444929,-0.128295845,0.259212389,0.271503526,0.640516811,0.00518258,-0.295311409,2.596395376,Diporiphora_phaeospinosa,Diporiphora_phaeospinosa
Diporiphora_pindan,1,9,1.098338642,0.035373363,-0.613099005,-0.582270707,-0.021167257,-1.440044637,-1.092492375,-0.302663742,-0.595038778,2.691697259,-0.077261695,-0.143095376,-0.049485877,0.129950316,0.296816307,0.620114975,0.318954686,-0.274626101,2.290195566,Diporiphora_pindan,Diporiphora_pindan
Diporiphora_reginae,1,9,1.065232425,0.203881884,-0.595800288,-0.317026961,0.045002748,-1.381335094,-1.231641246,-0.218670784,-0.52394382,2.641094042,-0.251440331,-0.2872727,-0.099536945,0.107494784,0.311850119,0.650033438,0.15737136,-0.275292631,2.325240993,Diporiphora_reginae,Diporiphora_reginae
Diporiphora_superba,1,9,1.201685228,-0.248070221,-0.702195145,-0.487728905,-0.245805727,-1.355792114,-1.28556459,-0.313894235,-0.924357386,3.133823163,-0.04558752,-0.156290513,0.031188353,0.338355283,0.355610024,0.794436616,0.237734013,-0.327546324,2.648462374,Diporiphora_superba,Diporiphora_superba
Diporiphora_vescus,1,9,1.046010678,-0.200090886,-0.632796903,-0.435721179,-0.018190959,-1.400802075,-1.166793394,-0.183473479,-0.591273401,2.754331867,-0.09685086,-0.09031396,0.036431001,0.180729031,0.266587587,0.684139022,0.161535421,-0.313457511,2.267902563,Diporiphora_vescus,Diporiphora_vescus
Diporiphora_winneckei,1,9,1.120731373,-0.105530691,-0.658095921,-0.309919548,0.026150444,-1.344619098,-1.11655808,-0.190088079,-0.656325225,2.669413745,-0.16244916,-0.165964102,0.00514459,0.178831241,0.231342136,0.645808422,0.099188172,-0.267060219,2.165279599,Diporiphora_winneckei,Diporiphora_winneckei
Hypsilurus_modestus,3,10,1.098163407,-0.1600075,-0.987434296,-0.382932925,-0.203022488,-0.858842729,-1.383215902,-0.14270603,-0.918042303,2.654711261,0.182120614,0.069052199,0.162562766,0.424234009,0.39184952,0.7435498,0.110012976,-0.800052378,2.886552284,Hypsilurus_modestus,Hypsilurus_modestus
Lophosaurus_boydii,3,11,0.894063331,-0.099672636,-0.87901816,-0.124055592,-0.049670608,-0.732073749,-1.062991493,0.056148067,-0.888818464,2.290917452,-0.09532331,-0.071288303,-0.032578024,0.434014237,0.439849459,0.608728113,-0.067393567,-0.620836752,3.469035294,Lophosaurus_boydii,Lophosaurus_boydii
Lophosaurus_dilophus,3,11,0.914302178,-0.292623479,-1.16838414,-0.049931863,-0.036940391,-0.805166018,-1.034806649,0.112252573,-0.876928999,2.155594007,-0.029827985,-0.039322479,-0.062728059,0.480430504,0.544561198,0.550198379,0.215972146,-0.576650922,3.552180489,Lophosaurus_dilophus,Lophosaurus_dilophus
Lophosaurus_spinipes,3,11,0.863175515,0.006819987,-0.946138937,-0.221407459,0.071802122,-0.821192422,-0.977667063,0.123294978,-0.822121358,2.339377354,-0.098315176,-0.080449583,-0.020528278,0.300518408,0.348638671,0.577100237,-0.164928855,-0.477978141,3.197956913,Lophosaurus_spinipes,Lophosaurus_spinipes
Moloch_horridus,2,12,1.189670568,0.802351642,-0.202648961,0.028571676,-0.054218201,-1.413193531,-1.222274813,-0.280627363,-0.220905685,1.508740669,0.246951424,0.120387911,-0.341452224,0.381352911,0.253693468,-0.146695612,0.357501395,-1.007205273,2.753967377,Moloch_horridus,Moloch_horridus