"Genus_species","Interlimb","Body_Width","Pelvic_Width","Pelvic_Height","Head_Width","Snout_Eye","Eye_Diameter","Head_Depth","Tail_Width","Tail_Length","Upper_Arm","Lower_Arm","Hand","Upper_Leg","Lower_Leg","Foot","Neck","Pos_Skull"
"Amphibolurus burnsi",56.37,26.17,9.15,19.21,30.67,6.92,6.45,21.66,17.29,304,17.26,19.17,17.85,26.93,29.72,40.36,22.51,16.37
"Amphibolurus burnsi",44.81,25.61,8.16,17.47,24.6,6.67,4.61,18.79,14.74,281,15.7,14.51,18.3,28.4,30.11,40.25,24.12,17.75
"Amphibolurus burnsi",54.29,25.71,10.36,19.76,29.26,7.51,5.83,20.13,16.13,295,17.04,17.04,18.53,35.14,31.24,41.3,20.2,15.9
"Amphibolurus centralis",50.92,21.53,7.38,15.93,19.21,6.1,5.44,16.73,11.6,285,16.8,15.36,18.74,24.69,27.79,34.86,22.96,12.39
"Amphibolurus centralis",44.9,17.71,8.16,15.47,20.3,8.1,5.41,16.05,11.66,301,16.42,15.26,17.27,22.94,25.48,34.83,22.4,11.91
"Amphibolurus centralis",40.94,18.94,7.41,12.76,19.21,5.92,4.23,14.81,11.31,248,15.7,14.61,16.05,24.15,24.62,33.58,20.19,13.22
"Amphibolurus muricatus",57.85,31.36,9.41,13.16,23.32,5.4,6.1,16.3,10.85,248,14.81,14.41,18.12,22.35,23.08,32.94,19.02,13.05
"Amphibolurus muricatus",56.73,31.05,9.72,13.84,21.98,5.65,5.52,15.66,11.19,194,14.37,14.28,15.72,22.37,22.02,32.09,18.42,13.27
"Amphibolurus muricatus",52.24,30.74,9.45,13.04,21.83,5.6,5.3,15.72,10.7,212,14.26,13.55,16.62,22.52,23.96,32.54,22.31,12.98
"Amphibolurus muricatus",51.18,28.03,10.37,12.85,20.42,5.16,5.17,14.63,9.91,222,13.33,13.31,16.39,21.17,22.2,32.28,18.3,11.79
"Amphibolurus norrisi",53.57,27.1,8.39,14.04,20.58,5.37,4.83,14.57,9.71,223,14.84,13.87,16.96,22.9,23.55,32.51,20.56,14.94
"Amphibolurus norrisi",38.57,19.32,8.14,10.66,16.82,4.97,4.34,11.77,9.43,175,13.12,11.56,14.31,18.43,20.52,27.1,15.18,11.73
"Amphibolurus norrisi",41.53,23.87,9.3,13.92,19.67,5.46,4.76,14.2,10.9,194,14.39,12.04,15.08,20.16,21.85,31.91,16.01,12.84
"Chelosania brunnea",53.17,19.82,7.57,12.43,19.07,5.52,4.32,16.69,7.84,151,14.1,14.54,15,17.98,15.91,23.25,20.64,12.73
"Chelosania brunnea",57.14,19.11,4.74,11.55,14.97,5.88,4.39,14.55,5.84,158,14.42,14.51,15.15,16.94,15.11,20.61,20.02,10.73
"Chelosania brunnea",58.96,19.26,5.91,16.59,24.36,6.26,5.36,22.55,11.17,179,17.39,17.09,17.95,20.77,19.24,25.54,24.23,15.74
"Chelosania brunnea",58.19,25.47,6.47,17.37,26.36,6.34,4.93,25.87,11.17,182,17.13,14.52,17.93,18.9,18.39,26.2,22.57,16.58
"Chelosania brunnea",56.62,18.06,5.73,16.52,21.08,6.89,4.63,24.08,11.19,179,17.32,16.76,18.21,19.75,19.76,26.06,18.43,15.6
"Chelosania brunnea",49.12,15.49,5.3,11.28,18.63,5.64,4.79,20.61,8.32,153,14.52,15.35,15.97,18.4,15.58,22.63,15.31,14.9
"Chlamydosaurus kingii",104.34,66.15,22.31,45.91,56.59,16.72,17.9,53.5,30.84,442,41.01,46.33,42.88,68.78,62.01,75.29,64.81,30.28
"Chlamydosaurus kingii",97.26,46.65,14.4,34.1,36.92,14.24,12,37.54,24.86,494,40.63,40.17,41.43,58.21,58.23,70.14,77.14,25
"Chlamydosaurus kingii",112.48,59.92,16.85,34.6,38.67,13.78,15.33,36.56,19.96,538,41.74,42.18,39.8,58,57.46,69.98,75.5,20.45
"Chlamydosaurus kingii",83.7,28.51,10.99,26.64,35.43,7.56,7.92,28.24,20.37,346,31.03,32.57,31.42,44.41,46.9,53.55,58.35,22.64
"Cryptagama aurita",19.1,11.96,4.65,4.21,10.25,1.97,3.14,6.37,3.58,30.5,5.8,5.29,5.39,7.57,7.15,8.92,6.05,4.81
"Cryptagama aurita",20.37,13.19,4.93,4.14,10.49,1.96,2.43,6.26,2.69,28,6.54,5.77,6.01,7.45,7.77,9.54,5.83,5.77
"Cryptagama aurita",21.5,11.19,4.62,5.03,10.38,2.01,2.6,6.69,3.39,31,6.54,6.19,5.48,8.17,7.78,9.63,5.24,5.33
"Ctenophorus adelaidensis",29.68,16.7,5.24,6.57,11.22,2.29,2.6,7.73,5.03,69,7.62,7.14,7.57,9.17,10.84,14.26,6.22,7.39
"Ctenophorus adelaidensis",26.23,14.08,4.89,5.99,10.95,2.21,2.65,7.95,5.15,70,7.58,7.62,6.36,9.41,10.72,13.94,6.5,6.8
"Ctenophorus adelaidensis",21.9,12.53,5.89,5.65,10.08,2.12,2.36,7.39,5.22,74,7.36,6.51,7.7,8.34,9.8,13.87,6.87,6.41
"Ctenophorus adelaidensis",21.67,11.68,5.41,5.91,10.49,2,2.43,7.2,5.98,77,7.59,6.59,6.65,8.69,10.21,13.25,7.78,6.83
"Ctenophorus adelaidensis",20.41,11.64,5.62,5.55,9.52,2,2.07,6.93,5.29,63,6.39,6.6,6.29,7.78,9.59,13.13,6.08,6.29
"Ctenophorus badius",26.68,12.13,5.5,7.24,10.65,2.12,3.39,7.25,7.13,136,9.17,7.91,9.03,12.78,15.41,20.49,9.29,7.11
"Ctenophorus butlerorum",22.98,12.31,5.09,4.9,9.7,1.59,2.28,6.37,6.4,60,7.55,6.21,6.35,8.98,10.47,13.73,7.44,6.54
"Ctenophorus butlerorum",23.63,12.22,5.11,4.26,9.42,1.79,2.48,6.07,5.12,56,6.63,5.86,6.29,8.88,7.67,12.37,6.84,6.27
"Ctenophorus butlerorum",24.33,10.36,5.83,5.67,9.78,1.49,2.56,6.54,6.13,68,8.19,6.61,6.38,9.63,11.41,15.66,8.29,6.94
"Ctenophorus butlerorum",20.99,9.67,5.08,5.56,9.38,1.86,2.34,6.4,5.77,62,7.47,6.45,6.84,9.32,11.25,14.75,8.32,6.19
"Ctenophorus caudicinctus",42.19,24.66,9.04,13.46,19.8,3.52,4.5,14.53,10.07,174,13.87,13.24,14.36,22.71,25.81,30.91,14.47,12.72
"Ctenophorus caudicinctus",38.22,19.85,8.75,12.49,20.89,2.96,4.48,15.27,10.37,198,13.45,12.81,13.01,22.93,23.95,30.77,18.76,14.07
"Ctenophorus caudicinctus",37.58,16.47,6.53,10.33,17.62,3.66,4.48,12.28,7.44,177,12.9,12.77,12.36,19.31,22.91,26.38,16.19,11.75
"Ctenophorus caudicinctus",37.68,17.77,8.41,12.32,18.84,2.85,4.22,12.89,8.81,170,14.08,12.95,13.32,20.7,23.04,29.79,15.36,11.84
"Ctenophorus chapmani",22.96,14.61,6.06,6.21,11.28,2.29,2.68,7.4,6.55,69,7.95,8.3,8.29,9.48,11.26,14.42,8.97,7.15
"Ctenophorus chapmani",21.35,12.52,4.79,5.82,11.2,2.89,2.83,7.26,6.26,62,7.73,6.57,7.22,8.22,10.15,11.4,9.54,6.19
"Ctenophorus chapmani",25.43,12.53,6.01,6.32,11.89,2.24,3.67,7.86,7.24,70,8.74,7.27,6.95,10.74,10.24,14.08,9.48,5.61
"Ctenophorus chapmani",19.28,11.39,5.29,5.79,11.07,2.74,2.61,6.91,6.01,57,7.64,6.98,6.64,10.93,10.16,11.53,8.83,6.17
"Ctenophorus clayi",29.44,15.64,6.42,7.61,11.46,2.76,3.4,10.41,5.68,83,7.67,7.85,7.42,10.19,12.94,15.21,12.14,6.3
"Ctenophorus clayi",20.71,12.64,4.6,5.98,10.78,2.26,2.54,8.96,4.82,61,7.27,6.8,7.87,9.86,10.33,13.09,8.72,6.7
"Ctenophorus clayi",23.2,14.09,4.46,6.45,11.13,2.44,2.85,9.37,4.94,63,7.58,7.37,6.83,9.59,11.46,13.13,8.66,7.25
"Ctenophorus clayi",25.29,14.34,4.99,6.1,11.26,1.89,2.71,9.27,4.79,61,7.93,7.18,7.43,10.07,10.75,13.33,10.41,7.45
"Ctenophorus clayi",25.05,14.33,6.57,7.09,11.58,2.1,3.19,9.76,5.62,76,7.41,7.51,7.75,10,11.63,13.14,9.42,7.36
"Ctenophorus cristatus",53.16,23.65,10.23,15.98,21.81,5.16,6.08,15.02,15.24,266,17.3,17.1,16.94,30.47,33.11,43.93,24.85,12.36
"Ctenophorus cristatus",48.84,22.2,10.33,13.64,19.83,4.13,5.13,15.31,13.29,229,15.6,14.56,15.27,28.21,31.63,39.89,21.33,14.45
"Ctenophorus cristatus",50.51,22.53,11.53,13.66,19.67,4.09,5.77,14.32,12.81,181,17.53,13.56,17.59,29.97,32.9,44.99,24.88,12.48
"Ctenophorus cristatus",51.93,21.61,12.39,15.44,21.15,3.93,5.32,14.75,14.66,242,15.62,16.2,17.49,30.42,34.07,44.02,22.41,13.77
"Ctenophorus decresii",39.21,21.06,9.12,9.82,20.82,3.85,4.33,10.98,10.06,151,12.75,12.73,14.4,20.6,23.25,28.01,16.45,13.15
"Ctenophorus decresii",40.05,25.32,8.98,9.06,17.45,3.38,4.13,10.49,7.44,144,10.7,9.99,14.06,17.91,19.48,25.34,11.16,11.76
"Ctenophorus decresii",44,24.76,9.09,9.68,17.13,3.45,4.05,10.04,8.52,175,10.69,11.42,13.04,18.01,19.64,25.05,14.02,11.12
"Ctenophorus dualis",33.97,20.7,7.55,10.27,14.43,3.52,4.19,9.82,8.81,143,8.95,9.24,10,15.49,17.75,22.46,11.41,7.92
"Ctenophorus dualis",36.62,23.34,8.57,9.46,13.79,3.06,3.44,10.37,8.53,160,9.18,9.29,10.3,14.92,17.49,23.76,13.19,9.54
"Ctenophorus dualis",34.39,19.08,6.75,9.19,12.79,2.75,3.6,8.34,7.91,138,10.53,11.54,11.04,15.61,19.76,26.01,14.5,7.94
"Ctenophorus dualis",28.4,15.31,6.03,8.01,12.1,2.65,2.87,7.87,7.36,135,9.68,9.15,10.34,13.57,17.01,24.7,10.64,7.78
"Ctenophorus femoralis",29.34,14.02,6.41,5.58,10.52,2.09,3.46,6.72,7.25,150,8.84,7.73,7.96,14.48,16.95,22.65,10.71,6.59
"Ctenophorus femoralis",27.3,12.19,5.15,6.24,10.1,2.46,2.84,6.48,6.35,153,9.27,8.2,9.17,14.8,17.45,24.87,9.68,6.06
"Ctenophorus femoralis",28.98,12.16,5.52,6.43,10,2.55,3.18,6.56,6.25,138,8.44,8.5,9.19,15,16.57,23.69,9.64,5.6
"Ctenophorus femoralis",25.56,11.96,5.38,5.43,9.51,2.01,2.8,6.89,5.73,131,8.55,7.12,7.64,13.2,16.31,22.41,8.92,5.54
"Ctenophorus fionni",41.26,25.42,9.22,10.38,22.95,3.23,4.03,12.13,10.65,147,9.88,10.96,13.19,19.69,21.96,26.95,13.09,13.17
"Ctenophorus fionni",34.04,17.55,9.32,9.55,18.46,4.14,4.42,11.43,9.33,150,11.33,11.37,12.69,21.05,23.28,29.4,14.93,11.36
"Ctenophorus fionni",35.23,20.78,7.21,7.95,16.21,3.28,3.81,10.61,6.68,117,9.6,10.02,11.3,17.35,18.36,22.72,12.67,9.35
"Ctenophorus fionni",33.83,22.38,7.2,8.78,16.98,3.76,3.91,10.56,8.7,125,11.22,10.11,12.37,17.17,18.48,22.58,12.8,9.44
"Ctenophorus fordi",23.86,9.49,5.56,6.58,9.9,2.21,2.85,6.7,6.13,105,8.21,6.8,7.58,11.53,14.61,19.83,8.37,5.81
"Ctenophorus fordi",25.4,11.26,5.97,6.04,10.2,2.25,3.31,6.83,5.48,118,7.75,7.76,8.56,13.26,15.68,21.23,9.11,5.26
"Ctenophorus fordi",26.43,13.02,6.95,6.28,10.53,2.13,2.98,6.95,6.11,116,7.34,7.18,8.74,12.43,14.31,21.94,8.17,6.17
"Ctenophorus fordi",26.02,9.03,4.44,5.67,10.19,1.74,3.09,6.71,5.61,122,8.25,7.21,9.68,12.73,15.95,21.91,9.71,6.75
"Ctenophorus gibba",50.53,27.68,10.72,13.86,23.97,3.66,5.11,17.46,11.55,145,17.05,14.55,14.51,24.23,25.7,30.4,19.39,12.89
"Ctenophorus graafi",34.37,16.7,7.05,10.49,15.92,3.18,3.83,11.06,8.19,168,12.77,12.16,12.26,20.27,21.17,28.43,16.88,9.69
"Ctenophorus graafi",35.3,17.23,8.23,9.35,14.77,2.27,3.73,10.63,8.66,156,12.27,11.19,12.2,19.4,21.9,29.02,13.51,9.56
"Ctenophorus graafi",35.52,16.09,7.95,8.54,14.02,2.04,4.18,10.28,6.85,143,11.83,11.49,12.33,17.17,19.67,24.97,15.05,9.08
"Ctenophorus graafi",35.05,17.31,7.67,8.98,15.46,1.91,4.68,9.87,7.85,153,10.8,11.44,12.75,19.39,21.43,29.19,11.5,9.75
"Ctenophorus griseus",31.79,13.99,7.48,7.73,12.13,3.21,3.27,8.57,6.58,144,10.58,8.37,10.16,15.32,17.36,24.05,11.98,6.95
"Ctenophorus griseus",31.02,15.06,7.13,8.38,12.28,3.05,3.3,8.86,7.65,140,10.2,8.63,9.9,15.87,16.75,22.6,11.36,7.81
"Ctenophorus griseus",27.51,12.6,6.15,8.94,12.99,2.81,3.47,9.77,7.35,155,9.94,9.7,10.72,16.16,18.2,24.19,12.87,7.71
"Ctenophorus griseus",36.28,15.77,6.25,8.83,12.76,2.61,3.44,9.85,8.36,153,10.83,9.29,10.85,16.17,18.3,24.37,14.13,8.6
"Ctenophorus infans",29.11,18.26,9.18,11.14,17.87,3.19,4.38,12.65,8.99,146,11.4,9.93,13.16,19.38,21.85,27.46,15.75,10.98
"Ctenophorus infans",33.28,17.91,6.15,9.92,14.81,2.55,3.77,10.39,7.75,130,11.03,9.46,11.44,17.74,21.59,26.53,15.08,9.43
"Ctenophorus infans",31.42,17.46,6.56,6.87,14.14,2.42,3.97,8.35,7.14,126,10.58,8.75,10.82,17.3,19.28,25.81,10.6,8.52
"Ctenophorus infans",30.69,17.28,7.27,7.36,14.99,2.98,3.68,7.74,7.15,131,10.46,9.65,11.59,18.14,19.02,26.24,12.95,8.42
"Ctenophorus isolepis citrinus",27.35,12.09,5.81,7.8,11.99,2.81,3.2,8.13,6.86,108,8.16,7.63,10.27,13.61,15.28,20.46,12.47,6.72
"Ctenophorus isolepis citrinus",27.69,12.73,7.01,7.71,12.57,3.03,3.06,8.69,6.84,112,8.74,8.64,10.15,13.13,14.9,20.9,12.11,7.37
"Ctenophorus isolepis gularis",29.17,13.43,6.14,8.37,11.55,2.08,2.87,8,7.59,130,8.52,8.29,9.24,14.91,18.92,23.81,10.46,7.83
"Ctenophorus isolepis gularis",28.89,14.19,6.41,8.11,11.58,2.1,3.29,8.11,7.67,128,10.19,9.12,9.82,15.7,18.34,23.96,11.96,7.68
"Ctenophorus isolepis isolepis",30.86,14.73,5.91,8.75,12.58,2.91,3.68,9.45,7.8,148,9.37,9.32,10,15.53,18.01,24.54,12.53,7.83
"Ctenophorus isolepis isolepis",35.77,13.22,6.2,8.99,13.35,2.47,3.56,8.75,8.11,171,10.93,10.15,10.36,16.9,20.46,27.04,11.53,9.13
"Ctenophorus maculatus",25.46,10.74,5.01,7.16,10.36,2.35,3.41,7.7,6.42,149,8.11,6.54,8.33,13.07,16.48,20.73,10.55,6.37
"Ctenophorus maculatus",28.04,11.83,5.74,6.49,10.48,2.4,2.91,7.09,5.72,127,8.97,8.17,8.54,12.28,14.52,19.77,12.05,6.38
"Ctenophorus maculatus",26.66,10.67,5.47,6.56,10.19,2.47,3.32,7.27,5.87,138,8.17,7.44,9.53,12.88,14.99,20.16,11.62,6.48
"Ctenophorus maculosus",34.52,17.4,7.13,8.01,15.79,2.29,4.43,11.36,8.18,90,10.98,10.1,11.38,14.58,15.55,17.42,11.76,9.42
"Ctenophorus maculosus",24.96,15.6,6.03,8.25,15.05,2.4,3.67,10.62,7.25,86,10.11,9.69,10.77,13.35,14.89,17.4,10.35,9.52
"Ctenophorus maculosus",30.67,13.97,6.99,7.9,14.2,2.43,3.39,10.11,6.29,80,10.17,9.77,10.37,12.92,13.27,16.85,10.18,7.82
"Ctenophorus mckenziei",37.11,17.41,8.26,9.32,14.15,3.52,4.07,9.57,8.99,134,9.82,10.58,11.06,18.34,20.21,25.39,16.08,8.17
"Ctenophorus mckenziei",34.13,16.38,7.01,10,12.99,4.97,4.25,10.75,9.95,158,9.17,9.17,9.3,17.81,19.53,26.08,13.18,6.37
"Ctenophorus mckenziei",35.5,13.76,6.76,9.2,14.16,3.6,3.27,10.85,9.28,164,9.88,10.05,10.45,17.07,19.74,23.93,15.94,9.07
"Ctenophorus mirrityana",39.19,25.73,10.24,12.38,22.33,4.11,5.24,13.88,10.12,156,13.15,12.39,14.56,22.08,21.71,28.35,20.2,12.3
"Ctenophorus mirrityana",44.13,22.44,10.2,9.01,20.23,5.06,4.99,10.98,8.83,162,12.37,12.67,12.43,21.58,22.62,28.41,15.68,10.83
"Ctenophorus mirrityana",42.91,24.72,8.24,10.82,22.55,4.23,5.68,13.29,11.03,180,14.44,12.06,15.51,21.91,24.49,30.7,20.85,12.42
"Ctenophorus mirrityana",33.48,22.34,8.36,10.07,18.77,3.98,5.07,11.76,8.42,167,12.45,11.62,14.63,20.55,22.78,29.24,15.22,10.97
"Ctenophorus nguyarna",32.73,20.65,7.47,6.05,13.1,2.45,3.27,7.91,7.45,94,9.57,8.74,8.64,13.03,14.38,17.55,11.34,7.51
"Ctenophorus nguyarna",41.47,21.49,9.76,9.07,16.01,2.59,4.51,11.83,8.66,132,11.31,12.38,13.52,16.59,15.89,22.32,12.93,9.78
"Ctenophorus nguyarna",34.47,20.33,8.53,9.08,15.83,2.83,4.15,11.3,9.05,120,11.25,11.27,11.67,15.11,18.1,23.65,12.66,9.3
"Ctenophorus nguyarna",37.68,20.61,8.69,9.33,16.13,3.1,4.57,11.31,8.9,125,9.98,11.21,11.43,15.77,17.55,22.33,12.62,8.95
"Ctenophorus nuchalis",63.72,30.47,11.95,14.2,24.92,4.83,5.7,16.12,14.15,154,14.31,16.08,15.08,21.45,22.83,22.68,21.28,10.55
"Ctenophorus nuchalis",64.84,30.91,11.25,14.11,26.81,3.91,5.38,16.93,13.87,152,14,15.73,17.16,20.35,23.36,25.93,17.68,12.77
"Ctenophorus nuchalis",61.12,29.73,9.38,13.69,23.39,4.53,4.92,15.79,14.24,141,13.32,14.68,15.66,19.69,21.77,24.38,18.75,11.95
"Ctenophorus ornatus",42.59,22.83,8.38,8.15,18.6,3.47,4.32,9.8,10.63,168,14.13,11.75,14.58,21.3,25.14,30.92,19.95,10.88
"Ctenophorus ornatus",43.74,23.92,9.82,9.13,17.85,3.93,4.93,8.58,10.4,152,12.03,11.8,14.2,19.2,21.56,27.5,17.48,10.01
"Ctenophorus ornatus",41.36,20.69,8.26,7.39,17.21,2.93,4.26,8.32,11.21,155,12.6,11.94,13.24,20.76,22.1,27.32,17.27,10.63
"Ctenophorus ornatus",38.91,24.58,8.54,8.07,18.62,3.33,4.21,9.49,12.05,136,13.49,11.7,14.19,22.18,22.19,30.7,18.31,10.63
"Ctenophorus parviceps",21.77,12.28,5.46,5.38,9.88,1.58,2.76,7,5.76,73,6.52,6.98,7.02,10.36,11.91,14.76,9.3,5.4
"Ctenophorus parviceps",25.65,12.69,5.75,5.02,10.57,2.32,2.67,7.05,6.03,61,7.41,6.36,7.52,9.5,10.81,14.81,8.41,4.87
"Ctenophorus parviceps",28.02,16.11,5.8,5.53,10.19,2.23,2.44,7.26,5.55,58,7.13,5.53,6.81,8.76,9.97,13.94,8.6,5.39
"Ctenophorus parviceps",20.41,12.85,4.74,6.29,9.75,1.99,2.52,6.66,5.73,61,7.12,6.22,6.88,9.11,11.02,15.31,8.45,5.79
"Ctenophorus pictus",27.5,13.08,5.88,8.52,13.24,3.23,3.13,9.21,6.92,111,7.49,8.74,9.9,13.21,15.55,20.07,13.84,8
"Ctenophorus pictus",30.4,14.61,7.22,8.96,14.78,2.93,3.89,10.17,9.07,110,8.75,9.61,9.07,14.31,15.8,19.52,11.07,8.4
"Ctenophorus pictus",33.92,19.62,6.32,7.99,12.75,2.92,3,9.2,6.46,116,8.68,9.42,9.49,13.78,15.65,20.67,11.54,7.96
"Ctenophorus pictus",32.35,20.03,6.51,8.15,12.92,2.92,3.61,8.86,7.77,119,9.93,9.25,9.58,13.51,15.95,20.38,14.68,8.04
"Ctenophorus reticulatus",49.88,27.96,9.79,13.36,21.82,3.14,4.91,14.42,13.45,142,11.99,11.27,13.08,17.68,21.05,23.18,18.48,11.04
"Ctenophorus reticulatus",54.01,28.83,10.93,12.62,26.99,4.59,5.5,14.36,14.12,145,13.73,12.94,14.99,19,22.46,24.37,16.28,10.96
"Ctenophorus reticulatus",56.12,25.02,9.36,13.78,21.53,4.05,4.67,14.32,12.53,155,14.02,14.12,14.78,20.62,20.69,24.43,20.51,12.31
"Ctenophorus rubens",40.23,17.25,8.78,12.08,17,4.29,4.77,12.6,10.9,191,14.1,13.6,13.72,21.43,25.87,34.84,16.16,10
"Ctenophorus rubens",39.76,17.21,8.12,9.35,15.51,2.99,3.88,10.68,8.44,181,11.25,11.29,11.16,18.19,22.67,29.5,15.44,10.83
"Ctenophorus rubens",37.89,17.34,8.61,8.43,14.65,3.56,4.38,11.19,8.45,145,12.41,12.16,10.04,18.06,22.7,28.78,15.8,9.65
"Ctenophorus rubens",37.69,15.79,8.14,10.85,15.71,3.22,4.15,11.55,9.34,132,11.35,11.48,12,21.91,24.43,29.55,16.17,11.45
"Ctenophorus rufescens",34.64,21.03,5.93,7.98,13.8,2.95,3.43,8.92,7.75,136,11.84,10.61,12.46,17.73,21.8,26.98,15.85,8.33
"Ctenophorus rufescens",35.42,19.12,7.01,8.05,15.27,2.89,4.07,9.55,8.64,167,13.59,11.4,13,20.43,24.68,31.14,16.36,9.67
"Ctenophorus rufescens",35.34,18.19,6.17,7.77,13.91,3,3.62,8.29,6.91,140,9.97,10.57,11.83,18.03,21.01,27.58,14.64,8.02
"Ctenophorus salinarum",37,19.55,7.61,8.92,15.47,3.25,3.32,11.27,8.3,127,10.14,11.01,11.55,15.05,17.53,21.38,12.08,9.79
"Ctenophorus salinarum",34.36,16.58,6.77,8.41,16.88,3.9,3.99,11.29,7.25,117,11.55,10.65,13.12,16.25,18.82,22.63,14.6,10.2
"Ctenophorus salinarum",35.61,16.71,6.6,8.09,16.53,3.1,3.63,10.83,7.98,118,9.85,10.24,10.44,14.84,16.73,19.97,11.83,10.48
"Ctenophorus salinarum",35.34,20.61,6.95,9.46,16.64,2.84,4.01,12.1,8.07,113,11.17,10.24,10.5,15.16,16.66,20.91,16.37,11.49
"Ctenophorus scutulatus",56.98,25.37,11.03,16.32,21.26,3.8,5.46,14.76,16.19,280,17.87,15.11,14.58,27.09,31.54,37.26,23.23,15.75
"Ctenophorus scutulatus",54.19,23.04,10.85,15.11,19.77,4.37,5.16,14.74,13.97,246,13.02,13.74,14.72,24.74,27.93,36.31,21.17,12.32
"Ctenophorus scutulatus",57.18,22.89,8.44,15.69,20.24,4.24,4.54,14.47,13.92,267,15.68,15.46,16.48,25.56,28.55,40.55,23.59,14.05
"Ctenophorus scutulatus",60.71,24.06,12.16,13.95,20.71,4.14,5.19,14.44,15.34,273,17.07,15.44,17.52,27.31,30.35,40.87,20.4,13.67
"Ctenophorus slateri",42.75,21.88,7.49,13.08,22.64,3.29,4.28,15.36,10.37,189,13.98,14.16,15.58,24.44,26.46,33.36,17.04,13.42
"Ctenophorus slateri",43.43,22.7,8.73,11.56,21.23,3.53,4.12,14.46,9.87,187,15.99,14.69,14.67,23.46,25.63,31.36,15.11,12.26
"Ctenophorus slateri",42.66,27.09,10.03,12.85,22.97,3.41,4.38,17.52,10.65,174,12.49,13.64,14.65,23.62,26.59,30.69,13,13.23
"Ctenophorus slateri",40.19,22.72,8.73,10.73,19.52,3.24,4.08,15,10.03,178,12.75,13.22,13.61,21.07,24.74,31.64,13.49,11.79
"Ctenophorus slateri",44.83,25.5,8.3,12.97,23.09,4.06,4.85,16.46,11.51,177,14.37,13.42,13.78,24.64,26.06,32.45,13.45,12.47
"Ctenophorus spinodomus",25.33,15.08,5.54,6.59,9.95,1.92,2.83,6.58,6.07,123,7.85,7.5,8.45,12.9,15.17,21.26,8.32,6.4
"Ctenophorus spinodomus",25.74,11.47,5.48,5.66,9.07,2.71,2.53,6.95,5.55,99,7.09,6.72,8.6,10.84,13.45,17.92,10.12,5.37
"Ctenophorus spinodomus",20.17,11.09,3.57,5.78,8.72,2.51,2.25,6.6,5,90,6.42,5.4,7.46,9.23,10.67,16.62,7.68,5.12
"Ctenophorus tjakalpa",28.45,13.22,6.14,6.78,10.51,2.64,2.69,6.94,7.09,135,8.09,7.76,8.71,12.98,16.2,21.9,11.03,6.14
"Ctenophorus tjakalpa",28.09,13.67,5.09,6.62,10.53,2.25,3.03,7.08,5.82,116,8.35,7.7,8.45,12.81,14.96,19.82,9.57,6.08
"Ctenophorus tjakalpa",22.99,10.17,5.14,6.05,9.49,2.14,2.83,6.75,6.67,135,7.87,7.26,9.46,11.17,14.54,20.11,11.83,5.15
"Ctenophorus tjakalpa",24.08,10.92,5.75,6.26,9.27,2.54,2.73,6.63,5.87,126,7.88,7.17,8.41,12.25,14.54,21.19,9.03,5
"Ctenophorus tuniluki",18.55,10.75,4.01,5.91,8.53,1.75,2.42,7.05,4.73,82,5.73,5.56,7.29,8.67,11.82,17.12,7.85,5.1
"Ctenophorus vadnappa",38.73,22.36,7.89,11.23,19.73,3.59,4.66,12.31,8.75,162,11.4,11.79,14.6,18.89,21.72,30.23,14.63,10.98
"Ctenophorus vadnappa",38.55,21.46,8.56,10.39,17.98,3.25,4.72,12.58,8.84,156,11.43,10.68,13.21,19.74,21.57,28.75,11.8,10.78
"Ctenophorus vadnappa",40.39,22.36,8.41,10.48,19.75,4.25,4.38,13.15,7.25,171,13.2,12.15,13.44,22.09,24.95,32.65,14.88,12
"Ctenophorus vadnappa",33.97,19.65,7.21,9.99,18.76,3.29,4.85,11.02,7.25,154,13.26,11.38,14.38,19.44,22.34,30.13,14.85,11.25
"Ctenophorus yinnietharra",50.74,22.92,8.39,10.42,19.31,3.79,4.32,10.72,12.09,185,15.66,12.8,13.7,24.9,26.16,32.14,18.54,11.61
"Ctenophorus yinnietharra",41.26,25.93,8.02,9.68,18.69,3.38,3.97,12.34,11.57,153,12.33,12.18,12.98,21.26,23.63,29.35,19.03,10.51
"Ctenophorus yinnietharra",39.54,26.43,9.26,8.86,18.25,3.86,3.98,9.83,11.23,144,12.32,10.96,12.2,19.1,22.11,27.94,16.43,9.33
"Ctenophorus yinnietharra",41.2,25.59,7.71,7.71,16.18,3.05,3.22,8.74,10.53,144,12.07,11.27,13.36,20.08,21.41,26.98,16.01,10.31
"Diporiphora adductus",34.36,9.17,5.45,7.03,9.35,3.37,3.76,7.8,4.75,166,10.01,9.1,10.25,11.96,13.7,19.73,12.08,5.27
"Diporiphora adductus",32.24,32.24,9.33,7.66,9.73,3.05,3.5,7.62,6.4,173,8.71,9.77,9.45,12.15,13.92,17.88,11.17,6.84
"Diporiphora adductus",30.9,7.21,4.66,6.1,8.99,3.18,2.82,7.43,4.65,174,9.62,9.71,9.92,10.98,12.97,19.11,13.05,6.66
"Diporiphora adductus",27.99,6.89,4.2,6.31,8.71,2.67,2.64,7.47,4.78,140,8.37,7.64,9.05,10.31,12.04,18.19,10.37,6.05
"Diporiphora albilabris",27.43,13.53,5.76,7.66,11.84,2.83,3.02,8.14,6.32,92,8.45,8.41,8.1,12.16,13.25,17.98,11.49,8
"Diporiphora albilabris",21.68,11.1,5.27,8.04,13.07,3.63,3.34,9.73,6.27,126,9.44,8.8,10.1,12.02,14.12,18.27,13.57,7.97
"Diporiphora albilabris",22.23,13.27,4.09,7.81,11.46,2.98,3.14,9.26,5.02,98,8.12,8.15,8.89,8.73,12.11,15.37,11.1,7.75
"Diporiphora albilabris",23.61,10.51,4.69,7.52,12.29,2.99,3.4,9.73,6.7,105,8.55,8.21,9.92,12.17,12.87,17.59,10.84,8.75
"Diporiphora amphiboluroides",44.87,25.48,8.98,11.05,20.66,5.47,5.04,13.67,10.15,158,13.68,13.91,14.05,16.18,18.76,22.63,18.73,13.5
"Diporiphora amphiboluroides",49.9,23.8,9.84,11.38,19.08,5.93,5.4,14.68,9.93,166,13.81,14.41,14.02,19,19.7,21.53,16.67,13.42
"Diporiphora amphiboluroides",47.2,20.95,8.55,12.19,17.97,6.69,4.95,14.68,9.74,171,13.69,15.25,13.38,17.8,20.2,23.35,19.49,12.12
"Diporiphora amphiboluroides",45.17,16.4,7.27,9.4,15.06,4.43,4.27,12.64,8.13,142,13.26,12.2,12.26,15.99,16.78,19.83,13.22,11.99
"Diporiphora australis",40.71,18.63,7,10.66,14.92,4.42,3.69,11.89,7.19,170,10.51,10.49,11.69,16.38,17.44,20.42,15.11,9.58
"Diporiphora australis",34.74,14.47,7.76,11.7,16.02,4.74,4.29,12.74,8.29,201,11.29,10.83,11.92,15.98,16.5,22.11,15.09,9.84
"Diporiphora australis",31.49,9.76,6.17,9.71,14.08,4.14,4.37,12.21,7.26,185,11.24,10.59,11.78,15.43,17.44,21.79,12.39,8.05
"Diporiphora australis",31.92,12.46,6.49,8.65,13.24,3.68,4.14,11,6.43,171,10.13,10.13,12.22,15.46,15.52,23.74,12.79,8.4
"Diporiphora bennettii",21.35,14.3,4.43,6.62,11.49,2.91,2.75,8.33,4.62,70,8.14,7.92,7.16,9.82,11.3,14.84,7.54,7.02
"Diporiphora bennettii",23.33,11.89,5.86,7.31,11.47,3.69,3.12,8.98,5.5,75,7.95,7.76,7.7,10.34,11.17,14.49,8.53,7.59
"Diporiphora bennettii",21.13,12.51,4.3,5.95,10.81,2.5,3.02,8.02,4.23,79,7.73,7.52,7.98,10.08,10.81,14.74,10.03,7.3
"Diporiphora bennettii",25.54,14.77,5.38,6.29,12.14,2.55,3.06,8.67,4.73,68,7.46,8.87,8.52,10.63,11.14,13.43,11.05,8.41
"Diporiphora bilineata",25.05,9.96,4.73,6.57,9.94,2.89,2.62,8.72,5.16,112,8.13,8,8.34,9.69,11.07,15.09,9.34,6.76
"Diporiphora bilineata",25.68,8.75,4.94,6.28,10.6,2.55,3.21,8.83,5.37,133,7.61,8.03,7.79,11.97,12.03,17.22,10.01,8.52
"Diporiphora bilineata",29.08,11.88,5.7,6.65,12.45,3.32,4.2,8.83,6.98,161,9.61,9.06,8.89,12.63,14.68,20.49,12.22,8.05
"Diporiphora bilineata",25.56,8.38,4.43,6.66,10.47,2.23,2.96,8.03,4.85,121,8.47,8,8.82,10.72,11.81,17,11.22,7.79
"Diporiphora carpentariensis",29.58,12.18,5.56,8.32,12.34,2.83,3.76,9.52,6,174,9.89,9.63,10.63,14.93,16.02,21.4,12.02,7.86
"Diporiphora carpentariensis",31.32,13.97,6.27,7.7,11.94,2.97,3.69,8.5,5.99,171,9.68,9,11.74,14.59,15.05,21.29,12.35,8.88
"Diporiphora carpentariensis",26.39,11.5,5.17,6.77,11.25,3.31,3.46,8.08,4.43,145,8.73,8.25,8.48,12.66,13.03,18.49,10.56,6.7
"Diporiphora carpentariensis",27.9,14.89,5.39,8.03,11.89,2.95,3.27,9.97,5.93,141,8.61,8.5,8.63,11.77,13.49,18.85,9.25,8.24
"Diporiphora convergens",15.87,8.2,4.05,3.62,7.81,2.04,2.21,4.96,3.54,71,5.72,5.35,5.23,8.31,9.28,14.7,6.42,4.7
"Diporiphora gracilis",24.76,8.87,4.99,4.81,9.53,2.61,3.26,6.82,3.58,141,7.66,7.39,10.46,11.15,12.27,18.36,12.32,6.23
"Diporiphora gracilis",29.91,11.4,6.77,7.68,12.22,3.23,3.62,9.59,5.74,182,9.02,9.32,9.91,12.45,14.63,20.93,12.45,9.15
"Diporiphora gracilis",21.03,6.36,3.61,4.54,7.66,2.51,2.49,5.6,3.32,120,7.18,5.85,7.57,8.43,9.8,13.15,8.34,5.17
"Diporiphora granulifera",28.69,13.17,5.33,7.86,11.26,2.4,3.63,8.25,4.72,158,8.95,8.44,10.14,12.47,13.79,20.61,11.83,8.14
"Diporiphora granulifera",34.34,14.42,6.15,8.38,12.9,3.2,3.96,9.71,6.73,200,9.08,10.19,11.08,14.91,15.48,21.54,13.74,9.87
"Diporiphora granulifera",30.86,10.9,4.71,7.66,11.62,3.88,3.28,9.52,5.29,160,9.76,8.41,9.88,12.51,13.39,20.86,10.23,7.21
"Diporiphora granulifera",30.19,11.52,4.86,7.54,12.16,3.15,3.58,9.8,5.94,139,9.17,8.2,11.34,12.54,13.38,20.32,10.42,7.38
"Diporiphora granulifera",24.62,8.79,4,5.31,10.83,2.5,3.09,8.86,5,124,8.27,7.43,9.17,10.65,11.59,18.26,9.65,6.99
"Diporiphora jugularis",36.08,10.2,6.42,10.15,13.62,4.08,4.44,11.85,7.08,176,10.68,10.41,10.89,16.09,17.5,25.52,13.08,8.99
"Diporiphora jugularis",33.29,14,6.13,8.16,13.27,3.97,4.03,9.72,5.13,166,11.05,10.26,11.24,15.6,15.26,22.47,12.98,7.94
"Diporiphora jugularis",34.45,11.32,6.97,9.05,12.23,3.39,4.04,10.87,5.74,170,11.23,10.49,10.98,14.91,16.71,24.06,11.83,8.58
"Diporiphora jugularis",34.51,13.81,5.81,9.44,14.09,3.63,4.04,10.47,6.45,160,11.25,11.03,12,16.36,17.38,22.39,13.34,9.41
"Diporiphora lalliae",33.13,14.56,6.23,8.11,12.49,3.23,3.61,10.21,6.95,199,9.34,9.34,10.51,15.15,14.78,21.22,12.49,9.89
"Diporiphora lalliae",31.25,13.08,6.5,9.44,14.3,3.23,4,10.39,6.69,194,9.87,9.7,11.66,14.57,15.97,23.1,18.35,9.77
"Diporiphora lalliae",34.62,11.48,6.15,8.1,13.04,3.72,3.98,10.31,6.59,188,9.95,10.39,11.52,15.29,16.17,22.12,12.59,9.68
"Diporiphora lalliae",39.01,15.9,5.54,8.49,12.57,3.45,3.79,9.9,6.94,171,8.91,9.77,11.4,13.56,15.39,19.9,12.96,8.82
"Diporiphora linga",21.56,10.54,5.14,6.45,10.16,2.85,3.08,7.34,5.64,113,7.97,7.7,8.43,11.72,12.93,16.88,11.06,6.32
"Diporiphora linga",21.25,9.18,5.24,6.16,9.53,2.29,2.89,6.95,5.78,93,6.48,6.72,6.78,9.19,10.78,15.09,7.34,5.42
"Diporiphora linga",20.81,9.24,4.42,6.25,9.68,2.7,2.69,6.82,5.07,104,7.57,7.08,8.24,10,11.29,17.02,9.23,6.31
"Diporiphora magna",34.55,15.15,6.51,9.67,14.53,3.48,3.81,10.2,7.46,161,10.64,10.73,14.25,15.22,16.65,23.53,16.73,10.83
"Diporiphora magna",32.39,12.88,6.41,7.82,12.91,4.16,3.74,9.42,6.73,184,9.86,9.98,12.37,14.95,16.24,21.52,12.65,8.8
"Diporiphora magna",32.32,14.44,5.54,7.68,12.18,3.74,4.23,9.28,6.07,154,9.43,9.68,10.45,12.95,13.18,18.54,13.57,7.46
"Diporiphora magna",30.57,13.8,5.53,8.11,13.15,4.33,3.74,10.25,6.64,167,10.03,8.96,10.59,13.27,15.09,20.14,12.41,7.25
"Diporiphora margaretae",32.79,14.37,5.62,8.36,13.16,3.61,3.75,10.87,6.94,156,9.79,9.32,10.92,13.39,15.16,21.29,10.63,9.18
"Diporiphora margaretae",29.46,16.46,6.12,8.33,13.33,2.96,3.73,9.94,6.43,153,9.36,9.03,11.01,13.79,14.52,21.32,10.63,8.33
"Diporiphora margaretae",32.46,16.16,7.01,7.65,11.52,2.94,3.69,9.49,5.48,130,8.64,8.55,8.86,11.33,12.32,17.89,8.62,8.31
"Diporiphora margaretae",28.52,12.04,6.06,6.61,11.32,2.88,3.69,9.92,6.12,114,8.29,8.7,8.94,12.75,13.73,20.17,11.2,7.24
"Diporiphora nobbi",38.17,19.36,9.07,10.89,15.98,5.12,4.93,12.17,7.6,196,13.62,12.08,12.59,17.44,17.57,25.06,15.1,9.23
"Diporiphora nobbi",38.42,17.21,8.43,10.61,17.47,4.6,5.4,12.15,8.24,198,11.59,12.81,13.98,19.16,20.13,28.64,15.17,11.11
"Diporiphora nobbi",47.27,27.06,9.34,13.13,19.37,5.6,5.75,13.51,9.82,215,12.81,14.45,18.18,24.05,24.32,36.95,15.36,12.11
"Diporiphora nobbi",47.04,23.46,9.39,11.1,16.56,3.61,4.58,12.52,6.31,176,11.09,12.19,12.59,19.06,18.35,25.15,13.3,10.47
"Diporiphora nobbi",45.12,22.86,9.45,11.24,17.63,4.26,5.31,12.93,7.09,173,10.89,11.72,14.31,18.17,18.95,25.65,11.41,11.22
"Diporiphora pallida",23.72,10.04,4.92,6.46,10.56,2.14,3.54,8.34,4.34,92,6.9,7.22,7.84,9.59,10.14,14.53,6.85,6.41
"Diporiphora paraconvergens",29.67,10.44,5.53,6.9,9.8,2.83,2.97,8.08,6.11,168,8.88,8.12,9.32,11.53,13.23,18.33,9.88,7.38
"Diporiphora paraconvergens",28.64,8.97,5.2,6.24,8.86,2.04,2.65,7.17,5.78,161,8.31,7.83,8.55,10.65,11.96,16.76,9.83,8.03
"Diporiphora paraconvergens",27.08,8.26,4.95,6.65,9.24,2.09,3,7.6,5.36,165,7.78,7.36,8.42,10.27,11.87,16.9,11.67,6.91
"Diporiphora paraconvergens",28.43,9.28,5.01,6.75,9.3,2.16,2.74,8.56,5.69,150,7.61,7.1,8.43,11.41,11.71,17.79,11.27,7.74
"Diporiphora perplexa",34.79,10.28,6.45,8.86,15.13,4.37,4.32,10.6,7.28,185,10.27,11.31,10.81,16.88,17.56,25.83,14.08,10.81
"Diporiphora perplexa",29.71,11.38,5.88,8.24,12.95,3.04,4,10.01,7.25,160,10.73,11.3,10.27,15.56,16.29,23.19,12.1,10.55
"Diporiphora perplexa",32.43,11.04,6.02,8.9,12.36,3.36,3.76,9.48,7.53,148,10.84,9.49,8.61,15.84,15.53,21.83,11.24,10.88
"Diporiphora perplexa",29.2,11.01,4.9,7.44,12.46,3.68,3.75,8.86,5.86,144,9.85,9.2,8.1,12.59,14.79,19.77,11.53,9.21
"Diporiphora phaeospinosa",34.19,17.17,7.68,10.23,16.52,3.92,4.65,11.61,8.17,191,9.99,10.55,11.85,17.93,18.14,25.87,14.02,10.99
"Diporiphora phaeospinosa",30.04,16.13,7.8,9.32,14.33,3.91,4.6,10.27,6.23,163,10,9.78,11.75,16.84,17.06,25.04,12.95,8.98
"Diporiphora pindan",29.29,8.34,5.25,6.78,10.3,2.62,3.39,7.73,5.99,165,9.93,8.78,10.03,12.47,13.99,19.52,16.74,8.22
"Diporiphora pindan",29.63,11.14,5.72,4.75,9.45,2.39,3.41,7.31,6.73,140,8.91,8.07,9.28,10.42,12.85,18.21,12.83,6.93
"Diporiphora pindan",29.13,10.56,5.7,4.99,9.35,2.29,3.19,7.03,4.38,136,8.84,8.05,10.23,10.96,13.74,17.66,14.04,7.61
"Diporiphora pindan",30.44,10.89,4.73,5.55,9.58,2.06,3.26,7.12,4.69,142,8.89,9.34,8.06,11.14,12.58,18.06,10.74,7.26
"Diporiphora reginae",27.56,14.26,5.62,7.09,11.18,2.58,3.33,8.55,6.04,151,8.45,8.01,9.36,11.28,14.45,19.34,12.99,7.5
"Diporiphora reginae",32.24,13.82,5.83,8.05,10.76,2.45,2.91,7.99,5.86,124,7.6,7.4,8.88,11.08,12.69,18.6,12.34,7.58
"Diporiphora reginae",25.92,10.32,5.49,7.16,10.1,2.63,2.77,7.68,6.77,142,7.47,7.04,9.33,10.45,14.06,20.74,11.68,7.48
"Diporiphora reginae",33,11.77,5.61,7.5,10.76,2.62,2.93,8.66,5.56,157,8.3,8.25,9.47,12.75,14.69,19.7,10.88,8.51
"Diporiphora sobria",29.83,13.84,6.08,9.3,14.09,3.78,3.94,10.21,8.16,161,10.05,9.73,10.23,14.99,17.19,24.13,14.79,9.49
"Diporiphora sobria",29,14.35,6.52,7.44,11.93,3.13,3.77,8.52,7.38,163,9.93,9.32,10.53,14.15,16.29,23.22,11.82,8.15
"Diporiphora sobria",29.39,13.76,5.91,6.99,12.42,2.94,3.99,8.95,7.2,145,11.16,10.29,9.48,15.45,16.24,22.12,12.59,8.9
"Diporiphora sobria",24.97,9.9,5.48,8.59,13.15,3.18,3.68,9.68,7.56,140,9.49,10.07,10.11,13.73,15.28,21.12,9,8.66
"Diporiphora superba",45.73,12.09,7.12,8.9,10.43,2.43,4.26,10.93,6.04,336,14.93,12.4,14.87,20.82,20.92,32.12,15.89,11.47
"Diporiphora superba",47.42,12.13,6.38,8.13,10.84,4.08,3.43,9.25,4.65,309,13.41,12.65,14.53,19.8,19.67,30.25,17.8,9.76
"Diporiphora superba",43.69,9.49,7.4,8.99,11.03,3.49,3.96,9.94,5.76,312,11.91,10.42,13.82,18.66,19.4,30.03,17.76,9.52
"Diporiphora superba",51.16,10.4,7.11,8.69,11.91,4.57,3.98,11.18,5.98,341,13.76,12.88,15.1,20.01,20.68,32.71,20.25,9.99
"Diporiphora valens",32.23,12.2,6.58,7.39,11.26,2.81,3.54,8.61,8.33,157,8.75,9.31,9.83,12.27,14.24,19.38,10.94,7.95
"Diporiphora valens",30.22,12.96,6.27,7.75,11.9,3.01,3.6,8.57,9.91,173,8.99,9.74,11.33,12.94,14.79,21.72,14.14,8
"Diporiphora valens",34.55,13.98,7.2,8.26,12.14,3.23,3.31,9.3,8.07,180,9.02,10.19,10.61,13.1,14.97,21.56,12.82,8.27
"Diporiphora valens",29.89,12.35,6.19,7.89,11.27,3.13,3.05,9.03,7.81,175,10.55,9.55,11.47,13.88,15.98,20.93,12.45,7.47
"Diporiphora vescus",29.64,7.74,4.46,6.39,9.4,2.11,3.18,7.38,5.4,168,8.71,8.12,10.48,11.29,12.89,19.98,11.87,7.35
"Diporiphora vescus",26.4,8.53,6.54,5.05,9.44,2.89,3,7.19,5.49,150,8.96,8.34,9.82,12.05,12.72,19.69,11.33,6.42
"Diporiphora vescus",26.86,7.26,4.59,6.57,9.25,2.23,2.39,8.33,5.01,135,8.5,8.14,9.94,11.51,12.07,19.39,11.41,7
"Diporiphora vescus",27.07,8.1,4.93,6.98,9.85,2.29,3.46,9.26,5.49,154,8.9,10.7,9.83,11.44,12.76,17.52,10.8,7.47
"Diporiphora winneckei",27.69,9.13,5.04,6.56,8.19,2.39,2.57,6.81,4.12,116,7.73,6.81,7.56,10.17,11.88,16.58,8.92,6.54
"Diporiphora winneckei",26.54,8.04,3.57,4.98,9.16,1.88,3.48,5.99,3.52,115,7.33,7.56,8.86,10.54,11.03,15.79,8.69,6.05
"Diporiphora winneckei",28.64,8.39,4.64,7.06,9.97,2.48,3.13,7.75,4.76,125,6.98,8.46,8.75,9.81,10.42,17.28,9.66,7.12
"Diporiphora winneckei",24.04,6.97,4.62,6.85,8.1,2.16,2.61,8.36,5.19,144,8.06,7.12,9.93,11.23,11.27,17.81,10.29,6.81
"Diporiphora winneckei",26.77,6.69,4.7,6.52,9.32,2.45,2.48,7.13,5.02,129,6.95,6.97,8.71,10.37,10.33,15.68,10.57,6.85
"Gowidon longirostris",50.82,17.32,8.97,13.65,19.11,6.17,5.25,15.13,10.41,303,15.07,13.66,16.35,24.89,28.86,40.83,18.2,18.24
"Gowidon longirostris",52.11,21.2,9.77,14.12,19.56,6.79,5.36,14.99,10.09,331,15.56,15.16,17,27.42,28.8,40.18,19.49,16.82
"Gowidon longirostris",50.21,19.48,8.67,13.39,18.7,6.92,5.09,14.81,11.98,319,15.21,15.83,17.11,27.46,30.31,42.88,20.58,15.92
"Gowidon longirostris",49.85,17.71,8.12,14.37,18.42,6.43,5.59,13.95,10.74,276,14.94,14.37,16.59,26.61,26.79,39.56,20.86,16.25
"Hypsilurus godeffroyi",121.95,26.69,12.22,36.3,39.3,16.26,9.77,41.43,16.16,526,38.43,38.66,40.94,51.86,56.74,81.47,49.6,21.24
"Hypsilurus godeffroyi",128.1,35.9,14.43,42.29,39.5,17.37,9.13,48.61,17.92,760,43.7,41.07,44.21,64.33,62.98,75.79,50.25,26.59
"Hypsilurus longii",54.42,21.11,8.15,14.81,15.58,8.15,4.63,16.51,7.07,366,18.96,18.05,21.68,28.51,27.7,45.52,19.13,10.11
"Hypsilurus magnus",105.52,49.13,18.64,42.18,54.72,14.93,12.55,43.7,26.44,606,36.25,36.53,37.73,48.92,53.39,75.23,43.56,25.46
"Hypsilurus magnus",122.66,47.66,14.63,38.02,44.46,14.24,11.72,38.76,23.99,669,40.08,35.73,40.12,53.04,53.02,73.39,44.84,23.16
"Hypsilurus magnus",71.16,33.14,12.05,18.82,21.5,10.02,8.66,21.87,13.99,395,21.88,20.17,25.22,32.81,29.99,47.39,23.8,11.74
"Hypsilurus modestus",53.99,18.54,6.04,12.73,14.57,8.02,4.14,16.33,7.04,260,21.75,19.77,22.45,28.34,27.43,38.9,17.09,8.47
"Hypsilurus modestus",50.81,11.45,5.68,11.08,13.69,7.25,4.06,14.34,6.31,234,21.08,18.03,20.13,25.6,25.11,36.76,20.63,7.55
"Hypsilurus modestus",56.51,15.85,8.32,12.87,15.65,7.52,5.29,15.97,8.13,271,21.71,19.84,20.71,28.28,27.06,37.49,22.33,8.15
"Hypsilurus nigrigularis",107.87,35.61,17.05,33.74,45.54,14.18,10.41,40.61,19.85,598,34.3,32.44,36.88,49.55,52.96,74.86,47.14,21.46
"Hypsilurus nigrigularis",104.73,28.2,13.59,32.08,33.16,15.62,9.9,30.12,17.6,508,30.73,31.15,31.66,49.08,45.65,65.94,35.51,20.22
"Hypsilurus nigrigularis",97.28,34.58,12.46,27.81,27.41,12.55,7.41,27.16,18.21,492,28.28,30.25,29.44,44.48,41.55,59.23,34.57,17.74
"Hypsilurus nigrigularis",94.58,27.6,13,27.76,28.06,12.45,9.02,26.32,17.89,540,29.64,29.01,33.18,42.62,41.93,63.79,35.26,16.16
"Hypsilurus papuensis",84.35,26.34,7.61,29.75,35.86,12.79,9.57,34.39,12.68,552,27.42,29.71,31.84,38.31,41.33,55.76,33.15,15.24
"Hypsilurus schultzewestrumi",54.99,23.43,9.94,20.03,22.09,9.73,7.98,20.31,9.24,372,21.71,22.39,23.8,32.24,30.11,44.33,21.66,12.6
"Hypsilurus schultzewestrumi",65.66,25.2,7.73,18.87,19.73,9.16,8.02,18.48,11.28,412,20.09,20.82,23.71,30.77,30.21,46.07,24.63,10.2
"Hypsilurus schultzewestrumi",58.71,21.27,7.72,17.96,18.86,9.55,7.24,19.48,9.65,381,20.06,19.37,22.36,29.07,28.46,43.27,25,10.58
"Intellagama lesueurii",105.52,56.69,20.21,35.18,57.7,12.99,10.77,39.88,35.87,511,34.7,35.13,41.19,57.82,58.43,77.29,35.96,29.74
"Intellagama lesueurii",102.38,49.42,16.8,31.98,53.46,14.26,10.41,37.92,31.04,441,34.49,36.12,36.26,58.4,54.95,71.32,50.56,26.56
"Lophognathus gilberti",43.57,17.52,7.31,11.34,17.21,6,5.39,13.28,10.62,274,15.2,13.3,16.36,23.96,25.9,30.33,17.26,12.59
"Lophognathus gilberti",43.83,18.52,8.13,14.18,20.58,4.66,5.31,16.96,11.42,257,14.68,13.96,16.3,24.55,25.75,37.26,17.37,14.86
"Lophognathus gilberti",37.78,16.14,7.05,9.62,14.42,5.28,5.03,11.19,7.58,225,11.7,11.82,13.26,18.53,21.47,30.52,14.3,8.83
"Lophognathus gilberti",33.71,15.19,6.26,10.35,15.4,5.4,4.54,11.57,8.16,224,11.61,11.8,12.96,17.71,21.95,33.34,16.03,9.26
"Lophognathus horneri",52.92,21.74,9.43,16.99,21,6.52,5.4,17.67,12.24,275,15.62,16.22,18.9,29.59,29.84,41.53,21.29,16.29
"Lophognathus horneri",53.11,24.17,9.71,16.46,23.04,6.24,4.97,15.46,15.72,299,15.9,17.86,17.24,28.08,29.45,42.75,27.03,15.25
"Lophognathus horneri",55.17,21.76,8.13,16.86,20.3,6.79,5.71,16.45,14.39,326,17.21,15.75,18.94,29.3,34.2,43.58,23.94,16.06
"Lophognathus horneri",51.67,23.59,11.17,13.72,21.49,5.7,5.87,15.23,15.59,295,15.9,15.6,18.99,27.56,29.75,40.71,20.43,14.22
"Lophosaurus boydii",78.37,29.35,14.99,26.69,30.29,15.19,11.9,30.25,13.56,302,28.35,30.05,30.85,50.8,48.82,55.43,34.11,16.95
"Lophosaurus boydii",75.19,23.58,10.73,28.52,32.15,15.31,10.33,34.38,12.44,333,28.45,30.21,31.31,47.75,50.65,62.07,26.05,20.01
"Lophosaurus boydii",81.94,34.25,14.27,29.87,29.21,15.82,11.04,37.25,13.6,317,30.76,29.43,31.07,50.11,50.06,59.54,29.88,14.81
"Lophosaurus dilophus",84.08,28.2,6.97,35.35,36.65,15.68,13.56,40.88,15.38,327,40.04,35.28,35.75,57.07,65.01,68.29,47.63,20.37
"Lophosaurus dilophus",83.39,23.57,12.11,32.19,34.63,14.84,13.66,37.38,13.84,299,31.46,33,29.62,54.43,59.26,56.75,37.95,18.89
"Lophosaurus dilophus",78.12,28.55,7.54,28.27,32.29,13.25,11.83,32.3,12.29,260,28.24,28.99,28.85,49.71,54.4,51.23,32.77,17.95
"Lophosaurus dilophus",100.44,26.98,11.93,42.23,35.7,18.93,11.57,50.3,17.95,360,38.13,38.32,36.2,68.7,67.52,70.73,58.78,25.45
"Lophosaurus dilophus",89.22,22.89,15.68,27.91,28.85,15.28,11.36,34.31,13.12,260,31.45,32.13,33.42,52.13,54.53,55.42,39.37,15.34
"Lophosaurus spinipes",64.63,26.21,10.32,21.05,29.13,11.68,9.72,30.85,12.36,263,22.32,24.79,24.71,35.96,37.83,46.39,19.02,16.51
"Lophosaurus spinipes",51.45,23.09,8.69,18.19,23.48,9.86,8.7,24.54,9.16,245,22.06,20.39,23.26,30.17,31.56,40.81,22.5,13.85
"Moloch horridus",56.74,34.32,13.46,17.58,15.26,3.55,4.44,12.49,12.39,79.91,19.75,17.2,12.86,23.5,20.22,14.14,23.51,6.8
"Moloch horridus",46.09,31.94,12.72,15.67,15.23,4,4.91,12.03,13.45,76.65,20.31,17.87,9.66,20.65,19.8,12.64,22.55,4.87
"Moloch horridus",44.03,34.44,12.56,14.78,14.29,3.78,4.33,11.54,12.55,63.86,18.81,15.6,9.95,21.11,19.1,12.32,18.61,5.51
"Moloch horridus",48.84,40.26,11.71,15.96,14.36,3.78,4.42,11.05,12,62.66,20.34,18.02,10.8,23.56,19.73,13.7,22.3,5.6
"Moloch horridus",62.33,34.21,13.67,16.81,15.24,4,5.03,12.2,12.57,71.93,21.31,19.88,12.54,26.16,22.35,15.01,25.3,5.9
"Physignathus cocincinus",99.26,32.89,13.31,38.39,35.17,15.6,12.39,41.09,20.94,536,37.46,34.65,38.53,55.88,52.61,65.22,45.81,24.67
"Physignathus cocincinus",91.16,34.39,11.29,30.17,37.6,13.79,10.4,30.46,19.5,462,32.56,35.04,35.46,52.22,49.77,66.72,41.54,21.42
"Physignathus cocincinus",103.79,33.29,13.73,36.64,48.59,16.53,9.32,43.9,25.55,545,36.01,36.49,35.88,57.51,56.12,69.58,37.63,24.72
"Pogona barbata",74.68,36.84,13.55,17.38,35.76,6.29,6.99,22.97,16.26,187,21.24,19.67,21.4,24.86,27.04,32.31,29.18,19.64
"Pogona barbata",104,61.27,18.77,28.34,56.77,7.72,8.96,35.04,22.76,273,29.69,30.34,33.25,37.49,39.09,43.21,35.22,29.8
"Pogona barbata",86.12,67.11,17.2,21.59,42.17,7.2,8.04,27.14,17.06,224,23.82,24.5,27.66,32.75,31.09,37.86,33.36,22.43
"Pogona barbata",69.33,51.73,17.7,19.03,31.86,6.53,7.2,22.95,17.41,210,22.67,22.59,23.24,27.09,29.62,35.67,29.1,20.11
"Pogona henrylawsoni",68.62,39.21,13.96,17.05,31.45,5.19,7.02,22.9,14.54,140,20.26,19.91,19.95,26.18,24.55,28.61,24.76,15.46
"Pogona microlepidota",70.31,59.07,13.61,17.59,31.92,7.28,7.38,23.57,17.49,274,22.24,22.45,20.63,30.57,32.03,32.93,26.68,16.38
"Pogona microlepidota",74.24,49.69,13.94,16.87,34.05,7.71,7.67,23.48,17.48,288,24.05,23.7,22.27,35.64,32.32,38.56,24.07,17.64
"Pogona minor minima",56.53,32.24,10.42,14.18,20.78,4.9,5.22,14.9,11.12,220,17.09,17.96,19.11,23.79,24.41,30.97,15.49,16.43
"Pogona minor minima",52.3,32.91,9.58,11.58,20.56,4.61,5.81,13.13,12.2,196,16.56,16.57,17.28,21.81,23.27,28.53,19.14,12.42
"Pogona minor minima",55.81,32.02,10.46,11.56,21.18,4.86,4.82,13.34,8.47,197,15.02,15.76,15.85,20.54,22.05,28.01,17.93,12.64
"Pogona minor minima",57.41,32.3,13.05,12.21,23.12,5.44,5.72,14.37,10.43,215,17.47,17.2,18.21,22.05,24.48,30.29,16.96,13.11
"Pogona minor minor",68.09,38.92,9.15,16.61,26.11,6.66,7.35,20.28,11.55,201,16.84,16.77,20.24,21.62,21.2,25.38,19.36,14.98
"Pogona minor minor",65.85,41.8,13.13,16.25,35.67,6.92,6.69,20.88,16.05,215,20.05,19.6,18.51,26.19,25.15,30.44,22.86,19.06
"Pogona minor minor",76.03,45.34,12.68,16.15,27.91,6.63,5.95,17.84,12.94,181,18.84,20,19.79,24.07,24.17,30.15,21.87,16.69
"Pogona minor mitchelli",81.23,44.84,13.55,21.24,46.36,7.37,7.5,26.55,19.61,252,18.7,23.4,24.24,31,27.32,35,32.61,22.93
"Pogona minor mitchelli",80.43,52.7,13.86,19.34,44.78,8.26,7.63,28.39,18.52,233,20.9,24.74,21.94,28.12,28.87,29.95,12.86,22.96
"Pogona minor mitchelli",75.22,41.19,12.51,19.62,38.15,7.31,7.72,27.29,15.56,248,20.95,21.76,22.61,26.83,27.27,30.59,27.55,19.65
"Pogona nullarbor",74.49,40.18,11.87,19.47,31.95,6.08,6.61,20.53,17.73,184,19.12,20.88,19.89,23.29,27.28,30.14,22.99,19.56
"Pogona nullarbor",55.14,30.11,11.22,14.62,24.96,4.59,5.31,16.12,13.72,150,15.87,16.8,17.78,20.47,23.15,24,21.26,14.03
"Pogona nullarbor",59.93,43.14,12.86,15.2,26.02,5.83,5.56,18.2,14.14,150,16.74,15.67,18.24,21.85,23.46,26.96,20.98,14.83
"Pogona nullarbor",67.84,39.62,12.91,17.21,28.57,6.73,6.39,21.37,14.68,180,19.99,19.64,20.06,25.93,27.36,28.7,25.24,16.46
"Pogona vitticeps",103.86,64.9,20.84,24.01,61.37,9.15,8.82,35.19,27.41,255,27.3,29.48,26.24,38.72,35.96,41.62,29.63,28.25
"Pogona vitticeps",105.24,61.06,19.33,22.95,53.57,8.69,8.67,27.21,22.9,207,27.85,26.66,25.9,35.44,33,37.57,34.67,24.58
"Pogona vitticeps",99.43,65.68,16.2,22.18,44.95,8.34,7.87,28.42,20.47,237,27.08,25.38,25.75,33.72,33.54,35.09,28.07,21.83
"Pogona vitticeps",98.78,63.66,16.75,22.36,50.03,7.06,8.57,28.27,21.4,244,25.5,23.52,23.21,32.13,32.2,36.52,21.63,22.18
"Rankinia diemensis",37.09,21.47,10,10.13,15.36,3.65,3.69,10.6,6.23,109,10.87,9.82,10.1,12.06,13.81,20.05,10.51,9.14
"Rankinia diemensis",40.36,23.47,10.67,11.54,18.37,4.63,3.84,13.54,8.53,122,12.45,10.15,11.87,16.09,15.98,21.55,12.39,9.93
"Tropicagama temporalis",46.07,19.17,7.16,15.79,21.81,6.37,6.15,18.91,12.59,298,15.73,13.7,16.53,28.23,26.24,38.7,21.97,12.57
"Tropicagama temporalis",47.78,22.5,7.34,16.07,20.6,6.83,5.77,17.28,11.53,299,15.49,13.13,18.37,26.36,28.43,43.62,24.11,12.06
"Tropicagama temporalis",47.5,15.21,7.26,15.12,21.59,6.57,4.85,16.85,10.53,286,14.92,14.79,16.89,25.39,25.93,39.22,21.09,12.39
"Tropicagama temporalis",39.98,16.77,7.23,12.4,18.3,6.76,5.48,16.41,9.57,276,14.54,13.6,17.59,23.73,25.19,38.59,19.67,10.95
"Tympanocryptis argillosa",24.6,13.24,6.09,6.44,11.8,1.9,3.18,7.86,4.91,81.17,8.29,7.25,8.05,10.59,10.57,13.03,6.97,7.32
"Tympanocryptis argillosa",23.7,11.83,4.62,6.41,11.64,1.99,3.18,8.12,4.99,67.96,8.35,6.98,7.56,10.53,10.75,12.82,8.12,6.27
"Tympanocryptis argillosa",27.28,14.83,5.44,6.12,12.25,2.3,3.12,8.07,4.36,68.07,8.52,6.64,7.73,10.21,10.18,13.15,8.13,6.11
"Tympanocryptis argillosa",26.37,16.08,6.36,7.06,12.26,2.32,3.32,8.28,4.51,77,8.13,7.08,7.88,11.33,11,13.78,8.8,7.11
"Tympanocryptis centralis",22.83,14.99,5.92,6.08,11.58,2.15,3.04,7.98,4.41,71,8.26,7.53,8.18,10.08,10.06,13.16,7.26,7.11
"Tympanocryptis centralis",22.6,13.51,5.32,5.89,11.59,1.59,2.81,7.79,4.85,85,8.51,7.38,8.47,10.29,10.63,13.72,10.12,7.54
"Tympanocryptis centralis",21.6,12.16,4.77,6.17,11.42,1.59,3.02,7.3,3.94,66,7.63,6.41,8.54,8.96,9.47,12.99,9.53,6.32
"Tympanocryptis centralis",24.98,15.44,6.34,7.17,12.17,2.37,3.09,8.52,4.46,74,8.7,8.29,8.17,11.14,11.52,13.23,10.03,6.79
"Tympanocryptis centralis",27.64,13.77,6.08,6.55,13.49,1.85,3.68,8.89,6.35,79,8.11,8.38,9.5,11.67,11.49,14.38,10.18,6.94
"Tympanocryptis centralis",24.35,13.65,5.1,7.09,11.97,2.52,2.88,8.32,5.08,84,8.08,7,8.27,9.11,10.58,13.71,7.37,6.94
"Tympanocryptis centralis",24.13,13.67,6.14,6.97,12.54,1.41,3.15,8.53,6.17,79,8.17,7.38,7.57,9.36,10.9,12.12,11.03,8.18
"Tympanocryptis cephalus",29.93,17.48,7.11,8.17,13.96,2.48,4.06,9.68,6.21,77,12.44,11.09,9.49,15.39,15.37,17.01,9.89,8.25
"Tympanocryptis cephalus",35.27,23.04,7.47,8.11,15.63,2.45,3.85,10.44,4.72,78,11.32,10.3,10.95,14.35,14.25,16.69,10.28,9.58
"Tympanocryptis cephalus",32.59,19.38,7.85,8.47,14.33,2.37,3.64,9.92,5.69,72,10.48,10.28,11.32,12.97,13.8,15.72,12.59,9.1
"Tympanocryptis cephalus",30.36,20.58,6.98,8.32,13.81,2.1,3.82,9.67,4.74,70,10.85,10.1,9.97,13.13,13.64,15.34,13,7.78
"Tympanocryptis condaminensis",30.78,18.25,6.82,7.85,12.71,1.98,3.63,8.85,5.22,89,9.43,8.59,10.51,11.73,13.49,19.29,9.3,7.91
"Tympanocryptis condaminensis",34.57,20.96,7.36,8.98,14.32,2.58,3.41,9.91,5.25,82,10.2,9.78,9.8,11.97,13.59,17.64,9.57,8.73
"Tympanocryptis condaminensis",31.16,16.87,7.97,9.52,14.31,2.71,3.66,10.12,5.55,100,11.59,10,9.31,14.11,14.61,17.33,13.15,8.41
"Tympanocryptis condaminensis",26.31,16.05,7.11,8.72,13.91,2.17,3.7,9.72,6.32,90,9.9,9.17,10.24,12.19,14.05,18.19,10.95,8.61
"Tympanocryptis darlingensis",34.31,21.27,5.7,8.57,13.65,2.34,3.18,9.38,4.17,89,9.52,9.75,9.2,13.39,13.8,16.59,10.21,8.64
"Tympanocryptis darlingensis",29.92,19.12,7.83,8.49,13.75,2.46,3.91,8.47,5.84,102,10.56,9.44,10.01,13.19,13.7,17.28,12.84,8.12
"Tympanocryptis darlingensis",35.93,21.08,7.29,8.08,13.23,2.56,3.47,8.59,5.03,88,9.98,9.12,10.74,11.97,13.44,16.66,11.18,6.96
"Tympanocryptis darlingensis",36.26,21.29,7.11,9.1,14.26,3.17,3.77,9.82,5.17,87,8.95,9.31,9.49,11.61,12.62,15.33,10.93,7.76
"Tympanocryptis darlingensis",30.92,19.65,8.71,8.07,13.91,2.56,3.52,8.53,5.75,96,8.37,9.15,9.58,12.71,13.42,16.81,10.5,8.24
"Tympanocryptis diabolicus",30.57,17.94,7.23,7.71,14.95,2.23,4.11,10.66,5.53,85,11.81,10.11,7.41,14.03,14.61,15.4,10.89,8.8
"Tympanocryptis diabolicus",28.42,18,7.8,7.43,14.81,2,3.38,9.61,5.26,92,10.08,9.7,9.02,12.74,13.84,17.48,12.57,7.41
"Tympanocryptis diabolicus",30.36,16.88,6.6,6.7,13.65,2.05,2.93,9.14,4.05,62,11.55,9.17,8.09,12.4,11.83,14.49,11.83,7.13
"Tympanocryptis diabolicus",27.64,17.19,6.57,7.23,14.25,2.31,2.98,10.16,3.91,68,10.02,9.6,8.08,13.2,12.72,14.72,10.24,7.86
"Tympanocryptis einasleighensis",31.82,15.87,5.35,8.38,13.63,2.52,3.43,9.5,4.06,73,9.74,9.14,9.32,11.05,11.89,13.81,9.24,10.28
"Tympanocryptis einasleighensis",28.42,15.63,5.94,7.09,12.49,2.22,3.51,8.9,4.42,78,8.41,8.38,7.59,9.92,10.49,11.71,7.34,8.81
"Tympanocryptis einasleighensis",26.49,18.18,6,7.33,12.26,2.71,3.06,8.76,3.6,50,7.15,8.02,7.64,9.71,9.56,11.05,7.13,7.72
"Tympanocryptis einasleighensis",28.37,17.44,5.54,7.42,12.12,2.1,2.99,8.91,3.18,55,7.89,7.65,7.03,9.99,10.23,12.77,6.85,7.68
"Tympanocryptis fictilis",32.08,14.68,7.28,8.7,14.23,2.6,3.62,9.99,5.44,79.46,11.13,9.95,10.35,13.28,13.46,16.38,11.54,9.41
"Tympanocryptis fictilis",34.35,18.73,7.91,6.75,13.44,2.38,3.46,9.73,4.37,67.15,9.86,8.91,8.51,12.74,12.6,14.52,9.49,8.25
"Tympanocryptis fictilis",29.19,15.2,6.52,7.7,13.57,2.59,2.91,9.96,4.24,82.78,9.94,9.98,10.45,13.25,14.23,16.45,8.65,9.33
"Tympanocryptis fortescuensis",27.37,17.16,5.22,6.4,13.79,2.1,2.93,7.95,3.27,82,10.68,10.41,9.86,13.46,14.42,17.43,10.76,8.33
"Tympanocryptis fortescuensis",29.19,21.4,7.96,7.84,14.91,2.17,4.2,9.74,5.96,89,10,10.79,9.62,14.36,14.35,16.84,10.47,7.06
"Tympanocryptis fortescuensis",26.3,18.66,7.46,6.69,13.35,2.44,3.58,9.23,4.18,80,10.84,10.51,9.65,13.24,14,17.6,11.52,6.61
"Tympanocryptis fortescuensis",30.26,19.32,6.44,5.86,13.34,2.47,3,8.85,3.26,71,10.7,8.93,8.77,11.55,12.54,14.38,12.37,7.18
"Tympanocryptis fortescuensis",28.24,15.96,6.69,6.63,12.82,2.24,3.37,9.62,4.65,80,11.82,10.87,9.62,14.9,14.61,18.7,9.37,8.06
"Tympanocryptis fortescuensis",35.69,17.15,7.46,8.6,15.08,1.92,4.57,11.37,5.39,98,11.41,11.48,10.22,16.01,16.23,18.45,8.77,10.2
"Tympanocryptis fortescuensis",28.62,17.31,7.88,7.06,14.04,2.43,3.69,9.11,4.59,94,10.54,11.09,9.88,12.91,13.42,16.31,11.28,8.62
"Tympanocryptis gigas",30.51,16.9,6.69,7.83,15.72,2.36,4.03,10.65,4.44,83,11.21,9.31,9.68,14,12.96,16.18,12.92,8.09
"Tympanocryptis gigas",31.53,18.78,7.09,7.33,14.84,2,4.61,10.36,3.7,79,10.23,9.45,9.34,13.62,12.57,15.04,9.84,8.21
"Tympanocryptis gigas",26.95,18.61,6.48,6.73,13.25,2.1,3.39,8.46,4.56,76,10.58,9.43,10.34,11.5,11.79,14.54,11.37,7.69
"Tympanocryptis gigas",30.93,16.59,6,7.28,14.2,2.23,3.68,8.81,4.46,75,10.32,8.6,9.6,11.83,11.77,12.51,8.81,8.71
"Tympanocryptis hobsoni",27.38,16.81,7.21,8.58,12.63,1.99,3.58,8.93,6.33,79,9.77,9.07,9.55,13.12,14.75,17.25,10.15,7.85
"Tympanocryptis hobsoni",28.64,17.27,7.2,7.99,12.64,2.33,3.28,9.15,6.39,85,9.04,8.89,9.71,12.41,13.84,17.2,11.68,7.14
"Tympanocryptis hobsoni",29.09,17.35,7.79,8.39,12.3,2.22,3.54,8.53,4.22,66,10.25,8.93,9.98,12.48,13.2,16.83,9.73,8.64
"Tympanocryptis hobsoni",26.9,16.41,7.26,8.55,13.15,2.48,3.33,8.73,5.09,75,9.92,9.18,10.48,14.09,13.88,18.9,10.32,8.87
"Tympanocryptis hobsoni",29.75,20.59,7.05,8.59,13.13,2.38,3.73,9.1,4.95,68,9.91,9.44,10.17,13.07,14.51,18.13,8.39,9.25
"Tympanocryptis houstoni",27.73,14.57,6.89,8.31,13.22,2,3.5,8.9,5.44,95,8.89,7.81,8.51,10.1,12.52,14.88,8.97,8.09
"Tympanocryptis houstoni",30.04,15.75,5.71,6.65,11.37,2.85,3.11,8.01,3.91,72,7.33,6.2,8.09,9.51,9.93,13.5,7.65,6.26
"Tympanocryptis houstoni",35.42,16.89,5.4,7.4,12.13,1.95,3.22,9.03,4.34,82,9.34,8.3,8.88,11.15,11.28,14.31,7.9,8.4
"Tympanocryptis houstoni",32.1,18.54,6.67,8.24,14.26,2.54,4,9.14,6.22,88,9.52,9.17,9.87,12.38,13.94,16.71,10.82,8.47
"Tympanocryptis houstoni",31.39,18.25,6.71,7.58,13.19,2.3,3.88,9.16,6.5,98,8.58,8.64,8.03,12.64,13.87,16.21,8.46,8.05
"Tympanocryptis houstoni",26.5,17.81,6.22,6.05,11.36,2.2,3.3,7.44,5.39,79,8.81,7.96,8.14,10.27,11.72,15.01,10.65,6.95
"Tympanocryptis houstoni",26.12,14.72,6.85,7.17,12.97,3.03,3.67,8.63,7.47,87,9.65,8.19,8.49,11.88,12.66,16.14,11.7,6.3
"Tympanocryptis intima",30.34,16.42,6.16,7.37,13.89,1.77,4.14,8.94,5,82,9.66,10.14,9.38,12.37,12.32,15.37,9.34,7.92
"Tympanocryptis intima",26.85,16.55,6.65,6.59,12.97,2.08,3.37,9.04,5.09,79,9.21,8.38,9.99,11.66,12.37,17.46,10.91,7.62
"Tympanocryptis intima",26.77,16.42,6.41,7.32,12.84,1.98,3.31,8.1,4.6,72,9.33,8.46,10.73,12.17,12.67,15.09,8.68,8.66
"Tympanocryptis intima",28.8,16.87,6.99,7.01,14.1,2.38,3.84,10.33,5.38,83,10.6,8.65,9.74,13.02,12.44,15.24,9.27,8.57
"Tympanocryptis intima",29.66,16.05,6.93,8.08,14.85,3.19,3.34,10.26,5.4,81,11,10.37,10.84,14.63,14.52,16.91,11.87,8.47
"Tympanocryptis intima",25.53,16.98,5.42,8.14,14.75,2.51,3.57,10.15,5.2,76,10.83,9.86,11.98,14.25,14.2,17.33,9.97,8.83
"Tympanocryptis intima",29.84,15.84,7.08,7.14,13.04,1.89,3.18,8.88,4.62,78,9.73,8.68,10.52,12.15,12.81,14.7,9.34,7.62
"Tympanocryptis intima",28.08,14.95,4.79,7.33,12.94,2.67,2.99,9.16,5.02,70,9.18,8.45,9.88,12.61,12.73,14.67,8.96,8.07
"Tympanocryptis lineata",23.24,12.76,5.24,6.43,11.52,1.92,3.21,7.96,4.52,80,7.35,6.98,8.21,10.44,11.07,14.86,7.53,6.91
"Tympanocryptis lineata",23.53,14.36,5.05,6.56,11.21,2.12,2.81,7.83,4.46,81,8.19,7.29,8.23,10.39,10.17,14.81,8.48,5.74
"Tympanocryptis lineata",26.48,14.57,6.02,7.15,12.39,1.93,3.16,9.4,4.49,97,9.09,8.11,7.65,11.76,12.37,15.87,5.91,7.9
"Tympanocryptis lineata",26.34,14.19,5.08,5.74,10.44,2.16,2.59,7.34,3.56,63,7.93,6.36,7.47,8.26,8.47,11.26,8.74,5.53
"Tympanocryptis macra",34.18,17.44,7.14,10.12,14.05,3.04,4.31,9.94,4.98,99,11.36,10.4,9.51,12.92,14.58,17.25,11.93,9.2
"Tympanocryptis macra",33.11,16.41,7.86,9.3,14.08,2.81,4.86,10.27,5.5,115,10.89,10.07,8.51,13.41,14.2,17.36,11.57,9.2
"Tympanocryptis macra",32.94,16.65,7.08,9.08,13.54,3.05,3.65,10,4.93,94,11.82,10.93,12.03,14.59,16.52,17.9,12.91,8.08
"Tympanocryptis macra",31.6,18.49,6.92,7.37,13.16,2.53,3.51,9.83,5.04,83,9.97,9.34,10.41,13.41,14.14,17.32,12.89,8.05
"Tympanocryptis macra",28.36,14.18,6.39,8.23,13.15,2.79,3.91,9.69,6.51,101,11.73,10.67,9.97,14.89,14.74,18.23,11.14,7.58
"Tympanocryptis macra",35.45,20.12,6.1,8.09,12.92,2.6,3.28,8.87,5.82,105,10.74,10.04,10.57,13.07,13.71,16.58,12.36,7.79
"Tympanocryptis osbornei",25.48,15.62,6.78,7.31,13.57,2.4,3.71,9.81,5.43,75,7.96,8.92,9.05,12.16,11.92,15.54,12.24,7.09
"Tympanocryptis pentalineata",30.54,17.07,6.03,7.93,13.46,2.18,3.26,8.8,4.58,97,9.8,9.31,10.07,12.83,13.39,16.2,10.95,9.16
"Tympanocryptis pentalineata",26.23,16.89,6.62,6.95,12.66,2.69,3.31,8.35,5.05,84,8.29,8.43,8.8,11.1,12.85,14.9,10.13,6.41
"Tympanocryptis pentalineata",26.29,13.63,6.38,6.39,11.43,2.29,3.27,7.97,3.91,82,8.63,7.32,8.89,11.24,11.69,13.97,8.59,7.42
"Tympanocryptis pentalineata",23.57,15.71,5.42,6.35,12,2.11,2.86,7.58,3.61,79,7.57,7.18,8.01,10.43,11.13,14.71,10.5,6.58
"Tympanocryptis petersi",25.62,14.49,5.84,6.97,11.17,2.09,3.09,7.86,3.88,88,9.07,6.76,7.16,10.72,11.09,13.1,9.27,6.59
"Tympanocryptis petersi",33.43,17.15,5.43,7.18,11.55,2.25,2.83,8.29,3.87,76,8.17,7.89,8.17,11.14,11.17,13.55,7.78,7.71
"Tympanocryptis petersi",27.5,15.56,5.1,6.72,12.25,2.14,3.14,7.92,5.44,78,8.42,7.98,8.86,11.8,11.59,14.75,8.73,7.06
"Tympanocryptis pinguicolla",31.84,13.87,6.39,7.65,11.42,2.22,3.14,8.95,3.39,62,8.11,7.19,8.78,9.91,9.84,13.03,10.81,7.05
"Tympanocryptis pinguicolla",29.74,13.64,5.92,7.38,12.25,2.57,3.15,9.18,3.31,62,6.99,7.58,8.58,9.9,10.47,11.77,11.67,7.34
"Tympanocryptis pinguicolla",22.97,11.3,5.43,6.43,10.52,2.08,3.03,7.59,3.49,52,6.54,5.95,7.83,8.92,8.88,12.88,10.21,6.5
"Tympanocryptis pseudopsephos",24.19,18.51,6.65,6.15,13.31,1.78,2.75,8.82,2.84,58,9.87,8.23,9.87,11.14,10.38,14.32,9.29,7.46
"Tympanocryptis pseudopsephos",28.35,20.78,5.57,6.86,14.98,2.36,3.48,9.68,3.11,71,10.86,8.61,9.8,12.49,11.11,12.89,13.05,7.5
"Tympanocryptis pseudopsephos",28.35,22.04,6.44,5.37,13.25,1.86,3.15,8.24,3.16,56,10.11,8.82,9.09,11.28,11.69,13.97,8.42,6.79
"Tympanocryptis pseudopsephos",31.12,20.17,7.39,6.43,14.26,2.37,3.27,8.71,3.75,77,9.33,9.86,9.36,12.22,12.73,15.9,12.22,6.21
"Tympanocryptis pseudopsephos",31.19,21.26,7.32,6.31,14.33,2.06,3.29,9.1,2.94,64,10.17,9.54,8.11,12.4,12.38,13.6,9.7,7.17
"Tympanocryptis pseudopsephos",26.98,17.59,6.69,5.65,13.77,2.4,3.7,8.86,3.27,63,9.28,9.28,8.54,11.11,11.11,14.08,10.99,6.85
"Tympanocryptis rustica",30.84,17.38,6,7.54,12.66,2.32,3.33,8.8,3.19,81,9.27,7.77,7.34,11.18,10.65,13.12,10.85,6.96
"Tympanocryptis rustica",26.87,12.32,6.04,6.11,12.4,2.42,3.27,8.19,3.65,90,9.3,7.8,9.22,10.85,11.5,14.93,9.39,7.54
"Tympanocryptis rustica",26.95,15.46,5.3,8.07,13.4,2.01,3.49,8.94,7.01,85,8.05,7.36,7.92,10.56,11.29,12.63,7.85,7.28
"Tympanocryptis rustica",35.35,18.78,6.76,6.36,13.08,2.21,3.27,9.01,5.39,83,8.96,8.21,8.56,10.77,11.68,13.66,11.48,7.83
"Tympanocryptis rustica",29.92,16.95,6.61,7.1,13.48,2.47,3.57,8.58,5.79,82,8.04,8.05,8.62,8.55,11.87,14.14,7.76,7.88
"Tympanocryptis tetraporophora",31.51,17.59,7.45,8.35,13.95,2.41,4.4,9.22,4.73,96,9.98,9.18,10.15,12.93,13.69,17.12,9.3,8.33
"Tympanocryptis tetraporophora",31.61,18.76,6.93,7.82,14.32,2.12,3.78,9.24,4.76,99,10.79,9.11,10.43,14.73,15.89,18.22,11.83,9.76
"Tympanocryptis tetraporophora",29.73,16.5,6.18,7.05,12.12,2.27,3.64,8.39,4.41,117,9.28,8.36,9.2,12.09,12.85,15.12,9.9,7.36
"Tympanocryptis tetraporophora",30.8,16.94,6.47,7.56,12.89,1.42,3.2,8.71,5.09,76,9.51,9.13,9.85,12.71,13.14,16.46,10.3,7.62
"Tympanocryptis tetraporophora",28.88,16.89,6.56,7.7,12.62,1.96,3.65,8.07,6.61,90,9.77,9.44,9.81,12.3,13.89,16.96,10.88,6.86
"Tympanocryptis tetraporophora",31.39,15.03,6.54,7.63,12.4,1.96,3.73,10.03,4.92,85,10,10.27,9.25,13.26,13.29,15.69,10.59,7.02
"Tympanocryptis tetraporophora",32.15,17.11,6.42,8.37,14.73,2.23,5.17,9.96,7.08,95,10.57,10.42,9.53,13.59,14.24,15.64,10.69,6.51
"Tympanocryptis tolleyi",28.05,15.76,5.65,5.72,10.91,1.89,2.98,7.23,3.05,70,7.4,7.05,8.75,9.69,9.97,12.05,8.63,6.4
"Tympanocryptis tolleyi",29.71,16.75,5.54,6.78,12.19,1.53,3.07,8.32,3.64,70,8.27,7.78,9.4,10.53,10.03,13.1,8.27,8.41
"Tympanocryptis tolleyi",24.43,12.34,5.21,6.05,11.35,1.96,3.04,7.35,3.33,74,7.5,6.62,7.65,10.04,10.22,13.99,8.02,6.89
"Tympanocryptis tolleyi",26.07,13.25,6.14,4.87,12.02,2.25,2.88,8.02,4.89,77,7.83,7.18,7.97,10.99,11.06,12.86,10.48,6.22
"Tympanocryptis wilsoni",28.15,17.97,7.72,8.34,13.36,2.36,3.78,9.1,4.96,98,9.57,9.13,10.07,12.14,14.03,16.95,12.21,7.64
"Tympanocryptis wilsoni",30.08,20.22,7.21,7.03,13.13,2.29,3.37,9.29,3.77,80,9.4,9.34,10.4,12.1,12.7,15.26,9.59,7.36
"Tympanocryptis wilsoni",31.84,20.45,7,8.19,13.2,2.19,3.72,9.3,3.82,70,9.56,8.92,9.79,11.84,13.22,16.64,10.51,8.6
"Tympanocryptis wilsoni",27.59,16.94,6.5,7.11,13.09,2.28,3.67,8.58,3.97,85,9.28,8.88,9.99,12.07,13.62,15.88,9.98,8.56
