"Genus_species","Snout_Vent","Interlimb","Snout_Axilla","Body_Width","Pelvic_Width","Pelvic_Height","Head_Width","Snout_Eye","Eye_Diameter","Head_Depth","Head_Length","Tail_Width","Tail_Length","Upper_Arm","Lower_Arm","Hand","Upper_Leg","Lower_Leg","Foot","Neck","Pos_Skull"
"Amphibolurus_burnsi",110.306666666667,51.8233333333333,51.6133333333333,25.83,9.22333333333333,18.8133333333333,28.1766666666667,7.03333333333333,5.63,20.1933333333333,29.3366666666667,16.0533333333333,293.333333333333,16.6666666666667,16.9066666666667,18.2266666666667,30.1566666666667,30.3566666666667,40.6366666666667,22.2766666666667,16.6733333333333
"Amphibolurus_centralis",95.4766666666667,45.5866666666667,46.09,19.3933333333333,7.65,14.72,19.5733333333333,6.70666666666667,5.02666666666667,15.8633333333333,24.24,11.5233333333333,278,16.3066666666667,15.0766666666667,17.3533333333333,23.9266666666667,25.9633333333333,34.4233333333333,21.85,12.5066666666667
"Amphibolurus_muricatus",103.74,54.5,43.26,30.295,9.7375,13.2225,21.8875,5.4525,5.5225,15.5775,23.7475,10.6625,219,14.1925,13.8875,16.7125,22.1025,22.815,32.4625,19.5125,12.7725
"Amphibolurus_norrisi",89.91,44.5566666666667,40.33,23.43,8.61,12.8733333333333,19.0233333333333,5.26666666666667,4.64333333333333,13.5133333333333,23.08,10.0133333333333,197.333333333333,14.1166666666667,12.49,15.45,20.4966666666667,21.9733333333333,30.5066666666667,17.25,13.17
"Chelosania_brunnea",104.993333333333,55.5333333333333,45.405,19.535,5.95333333333333,14.29,20.745,6.08833333333333,4.73666666666667,20.725,25.205,9.255,167,15.8133333333333,15.4616666666667,16.7016666666667,18.79,17.3316666666667,24.0483333333333,20.2,14.38
"Chlamydosaurus_kingii",233.75,99.445,119.905,50.3075,16.1375,35.3125,41.9025,13.075,13.2875,38.96,50.955,24.0075,455,38.6025,40.3125,38.8825,57.35,56.15,67.24,68.95,24.5925
"Cryptagama_aurita",38.65,20.3233333333333,15.7133333333333,12.1133333333333,4.73333333333333,4.46,10.3733333333333,1.98,2.72333333333333,6.44,10.0066666666667,3.22,29.8333333333333,6.29333333333333,5.75,5.62666666666667,7.73,7.56666666666667,9.36333333333333,5.70666666666667,5.30333333333333
"Ctenophorus_adelaidensis",44.546,23.978,17.98,13.326,5.41,5.934,10.452,2.124,2.422,7.44,11.29,5.334,70.6,7.308,6.892,6.914,8.678,10.232,13.69,6.69,6.744
"Ctenophorus_badius",54.04,26.68,21.91,12.13,5.5,7.24,10.65,2.12,3.39,7.25,12.62,7.13,136,9.17,7.91,9.03,12.78,15.41,20.49,9.29,7.11
"Ctenophorus_butlerorum",43.7225,22.9825,18.305,11.14,5.2775,5.0975,9.57,1.6825,2.415,6.345,10.5825,5.855,61.5,7.46,6.2825,6.465,9.2025,10.2,14.1275,7.7225,6.485
"Ctenophorus_caudicinctus",78.73,38.9175,36.4575,19.6875,8.1825,12.15,19.2875,3.2475,4.42,13.7425,20.2625,9.1725,179.75,13.575,12.9425,13.2625,21.4125,23.9275,29.4625,16.195,12.595
"Ctenophorus_chapmani",45.935,22.255,20.9725,12.7625,5.5375,6.035,11.36,2.54,2.9475,7.3575,11.7675,6.515,64.5,8.015,7.28,7.275,9.8425,10.4525,12.8575,9.205,6.28
"Ctenophorus_clayi",49.256,24.738,22.11,14.208,5.408,6.646,11.242,2.29,2.938,9.554,12.24,5.17,68.8,7.572,7.342,7.46,9.942,11.422,13.58,9.87,7.012
"Ctenophorus_cristatus",103.81,51.11,46.535,22.4975,11.12,14.68,20.615,4.3275,5.575,14.85,23.1675,14,229.5,16.5125,15.355,16.8225,29.7675,32.9275,43.2075,23.3675,13.265
"Ctenophorus_decresii",78.1666666666667,41.0866666666667,33.6166666666667,23.7133333333333,9.06333333333333,9.52,18.4666666666667,3.56,4.17,10.5033333333333,19.74,8.67333333333333,156.666666666667,11.38,11.38,13.8333333333333,18.84,20.79,26.1333333333333,13.8766666666667,12.01
"Ctenophorus_dualis",64.9975,33.345,27.25,19.6075,7.225,9.2325,13.2775,2.995,3.525,9.1,14.815,8.1525,144,9.585,9.805,10.42,14.8975,18.0025,24.2325,12.435,8.295
"Ctenophorus_femoralis",52.59,27.795,21.0325,12.5825,5.615,5.92,10.0325,2.2775,3.07,6.6625,11.295,6.395,143,8.775,7.8875,8.49,14.37,16.82,23.405,9.7375,5.9475
"Ctenophorus_fionni",71.8375,36.09,31.8475,21.5325,8.2375,9.165,18.65,3.6025,4.0425,11.1825,18.475,8.84,134.75,10.5075,10.615,12.3875,18.815,20.52,25.4125,13.3725,10.83
"Ctenophorus_fordi",48.795,25.4275,19.9775,10.7,5.73,6.1425,10.205,2.0825,3.0575,6.7975,11.1375,5.8325,115.25,7.8875,7.2375,8.64,12.4875,15.1375,21.2275,8.84,5.9975
"Ctenophorus_gibba",94.66,50.53,41.05,27.68,10.72,13.86,23.97,3.66,5.11,17.46,21.66,11.55,145,17.05,14.55,14.51,24.23,25.7,30.4,19.39,12.89
"Ctenophorus_graafi",68.48,35.06,30.21,16.8325,7.725,9.34,15.0425,2.35,4.105,10.46,15.975,7.8875,155,11.9175,11.57,12.385,19.0575,21.0425,27.9025,14.235,9.52
"Ctenophorus_griseus",62.53,31.65,26.6425,14.355,6.7525,8.47,12.54,2.92,3.37,9.2625,14.0575,7.485,148,10.3875,8.9975,10.4075,15.88,17.6525,23.8025,12.585,7.7675
"Ctenophorus_infans",64.0975,31.125,29.6675,17.7275,7.29,8.8225,15.4525,2.785,3.95,9.7825,16.0725,7.7575,133.25,10.8675,9.4475,11.7525,18.14,20.435,26.51,13.595,9.3375
"Ctenophorus_isolepis_citrinus",54.64,27.52,25.385,12.41,6.41,7.755,12.28,2.92,3.13,8.41,13.095,6.85,110,8.45,8.135,10.21,13.37,15.09,20.68,12.29,7.045
"Ctenophorus_isolepis_gularis",55.955,29.03,24.135,13.81,6.275,8.24,11.565,2.09,3.08,8.055,12.925,7.63,129,9.355,8.705,9.53,15.305,18.63,23.885,11.21,7.755
"Ctenophorus_isolepis_isolepis",64.695,33.315,26.82,13.975,6.055,8.87,12.965,2.69,3.62,9.1,14.79,7.955,159.5,10.15,9.735,10.18,16.215,19.235,25.79,12.03,8.48
"Ctenophorus_maculatus",53.3366666666667,26.72,23.4366666666667,11.08,5.40666666666667,6.73666666666667,10.3433333333333,2.40666666666667,3.21333333333333,7.35333333333333,12.03,6.00333333333333,138,8.41666666666667,7.38333333333333,8.8,12.7433333333333,15.33,20.22,11.4066666666667,6.41
"Ctenophorus_maculosus",60.2233333333333,30.05,25.8866666666667,15.6566666666667,6.71666666666667,8.05333333333333,15.0133333333333,2.37333333333333,3.83,10.6966666666667,15.1233333333333,7.24,85.3333333333333,10.42,9.85333333333333,10.84,13.6166666666667,14.57,17.2233333333333,10.7633333333333,8.92
"Ctenophorus_mckenziei",71.85,35.58,30.83,15.85,7.34333333333333,9.50666666666667,13.7666666666667,4.03,3.86333333333333,10.39,15.7633333333333,9.40666666666667,152,9.62333333333333,9.93333333333333,10.27,17.74,19.8266666666667,25.1333333333333,15.0666666666667,7.87
"Ctenophorus_mirrityana",82.2725,39.9275,39.2075,23.8075,9.26,10.57,20.97,4.345,5.245,12.4775,21.22,9.6,166.25,13.1025,12.185,14.2825,21.53,22.9,29.175,17.9875,11.63
"Ctenophorus_nguyarna",68.3,36.5875,28.14,20.77,8.6125,8.3825,15.2675,2.7425,4.125,10.5875,15.7525,8.515,117.75,10.5275,10.9,11.315,15.125,16.48,21.4625,12.3875,8.885
"Ctenophorus_nuchalis",110.203333333333,63.2266666666667,40.75,30.37,10.86,14,25.04,4.42333333333333,5.33333333333333,16.28,21.5133333333333,14.0866666666667,149,13.8766666666667,15.4966666666667,15.9666666666667,20.4966666666667,22.6533333333333,24.33,19.2366666666667,11.7566666666667
"Ctenophorus_ornatus",82.18,41.65,36.635,23.005,8.75,8.185,18.07,3.415,4.43,9.0475,18.3825,11.0725,152.75,13.0625,11.7975,14.0525,20.86,22.7475,29.11,18.2525,10.5375
"Ctenophorus_parviceps",45.8725,23.9625,18.68,13.4825,5.4375,5.555,10.0975,2.03,2.5975,6.9925,9.99,5.7675,63.25,7.045,6.2725,7.0575,9.4325,10.9275,14.705,8.69,5.3625
"Ctenophorus_pictus",60.9375,31.0425,27.29,16.835,6.4825,8.405,13.4225,3,3.4075,9.36,14.5075,7.555,114,8.7125,9.255,9.51,13.7025,15.7375,20.16,12.7825,8.1
"Ctenophorus_reticulatus",96.15,53.3366666666667,38.8133333333333,27.27,10.0266666666667,13.2533333333333,23.4466666666667,3.92666666666667,5.02666666666667,14.3666666666667,20.39,13.3666666666667,147.333333333333,13.2466666666667,12.7766666666667,14.2833333333333,19.1,21.4,23.9933333333333,18.4233333333333,11.4366666666667
"Ctenophorus_rubens",77.115,38.8925,34.185,16.8975,8.4125,10.1775,15.7175,3.515,4.295,11.505,18.2925,9.2825,162.25,12.2775,12.1325,11.73,19.8975,23.9175,30.6675,15.8925,10.4825
"Ctenophorus_rufescens",70.1433333333333,35.1333333333333,30.9433333333333,19.4466666666667,6.37,7.93333333333333,14.3266666666667,2.94666666666667,3.70666666666667,8.92,15.3266666666667,7.76666666666667,147.666666666667,11.8,10.86,12.43,18.73,22.4966666666667,28.5666666666667,15.6166666666667,8.67333333333333
"Ctenophorus_salinarum",70.23,35.5775,31.22,18.3625,6.9825,8.72,16.38,3.2725,3.7375,11.3725,17.5,7.9,118.75,10.6775,10.535,11.4025,15.325,17.435,21.2225,13.72,10.49
"Ctenophorus_scutulatus",110.03,57.265,45.27,23.84,10.62,15.2675,20.495,4.1375,5.0875,14.6025,23.1725,14.855,266.5,15.91,14.9375,15.825,26.175,29.5925,38.7475,22.0975,13.9475
"Ctenophorus_slateri",81.206,42.772,34.9,23.978,8.656,12.238,21.89,3.506,4.342,15.76,20.482,10.486,181,13.916,13.826,14.458,23.446,25.896,31.9,14.418,12.634
"Ctenophorus_spinodomus",47.2733333333333,23.7466666666667,19.2533333333333,12.5466666666667,4.86333333333333,6.01,9.24666666666667,2.38,2.53666666666667,6.71,10.5466666666667,5.54,104,7.12,6.54,8.17,10.99,13.0966666666667,18.6,8.70666666666667,5.63
"Ctenophorus_tjakalpa",50.0125,25.9025,21.17,11.995,5.53,6.4275,9.95,2.3925,2.82,6.85,10.805,6.3625,128,8.0475,7.4725,8.7575,12.3025,15.06,20.755,10.365,5.5925
"Ctenophorus_tuniluki",37.71,18.55,17.12,10.75,4.01,5.91,8.53,1.75,2.42,7.05,9.27,4.73,82,5.73,5.56,7.29,8.67,11.82,17.12,7.85,5.1
"Ctenophorus_vadnappa",74.8425,37.91,33.54,21.4575,8.0175,10.5225,19.055,3.595,4.6525,12.265,19.5,8.0225,160.75,12.3225,11.5,13.9075,20.04,22.645,30.44,14.04,11.2525
"Ctenophorus_yinnietharra",81.2025,43.185,35.335,25.2175,8.345,9.1675,18.1075,3.52,3.8725,10.4075,17.8325,11.355,156.5,13.095,11.8025,13.06,21.335,23.3275,29.1025,17.5025,10.44
"Diporiphora_adductus",60.805,31.3725,24.12,13.8775,5.91,6.775,9.195,3.0675,3.18,7.58,12.4525,5.145,163.25,9.1775,9.055,9.6675,11.35,13.1575,18.7275,11.6675,6.205
"Diporiphora_albilabris",53.25,23.7375,26.2,12.1025,4.9525,7.7575,12.165,3.1075,3.225,9.215,14.45,6.0775,105.25,8.64,8.3925,9.2525,11.27,13.0875,17.3025,11.75,8.1175
"Diporiphora_amphiboluroides",91.065,46.785,40.33,21.6575,8.66,11.005,18.1925,5.63,4.915,13.9175,23.3025,9.4875,159.25,13.61,13.9425,13.4275,17.2425,18.86,21.835,17.0275,12.7575
"Diporiphora_australis",70.25,34.715,31.18,13.83,6.855,10.18,14.565,4.245,4.1225,11.96,17.335,7.2925,181.75,10.7925,10.51,11.9025,15.8125,16.725,22.015,13.845,8.9675
"Diporiphora_bennettii",49.34,22.8375,22.7675,13.3675,4.9925,6.5425,11.4775,2.9125,2.9875,8.5,13.48,4.77,73,7.82,8.0175,7.84,10.2175,11.105,14.375,9.2875,7.58
"Diporiphora_bilineata",54.55,26.3425,24.4725,9.7425,4.95,6.54,10.865,2.7475,3.2475,8.6025,13.775,5.59,131.75,8.455,8.2725,8.46,11.2525,12.3975,17.45,10.6975,7.78
"Diporiphora_carpentariensis",58.0425,28.7975,25.525,13.135,5.5975,7.705,11.855,3.015,3.545,9.0175,14.48,5.5875,157.75,9.2275,8.845,9.87,13.4875,14.3975,20.0075,11.045,7.92
"Diporiphora_convergens",33.07,15.87,15.37,8.2,4.05,3.62,7.81,2.04,2.21,4.96,8.95,3.54,71,5.72,5.35,5.23,8.31,9.28,14.7,6.42,4.7
"Diporiphora_gracilis",51.5733333333333,25.2333333333333,23.7933333333333,8.87666666666667,5.12333333333333,5.67666666666667,9.80333333333333,2.78333333333333,3.12333333333333,7.33666666666667,12.7566666666667,4.21333333333333,147.666666666667,7.95333333333333,7.52,9.31333333333333,10.6766666666667,12.2333333333333,17.48,11.0366666666667,6.85
"Diporiphora_granulifera",58.726,29.74,25.626,11.76,5.01,7.35,11.754,3.026,3.508,9.228,14.452,5.536,156.2,9.046,8.534,10.322,12.616,13.526,20.318,11.174,7.918
"Diporiphora_jugularis",68.1825,34.5825,29.4425,12.3325,6.3325,9.2,13.3025,3.7675,4.1375,10.7275,16.635,6.1,168,11.0525,10.5475,11.2775,15.74,16.7125,23.61,12.8075,8.73
"Diporiphora_lalliae",69.9075,34.5025,30.89,13.755,6.105,8.535,13.1,3.4075,3.845,10.2025,16.7925,6.7925,188,9.5175,9.8,11.2725,14.6425,15.5775,21.585,14.0975,9.54
"Diporiphora_linga",45.66,21.2066666666667,20.7266666666667,9.65333333333333,4.93333333333333,6.28666666666667,9.79,2.61333333333333,2.88666666666667,7.03666666666667,11.5166666666667,5.49666666666667,103.333333333333,7.34,7.16666666666667,7.81666666666667,10.3033333333333,11.6666666666667,16.33,9.21,6.01666666666667
"Diporiphora_magna",66.445,32.4575,30.2325,14.0675,5.9975,8.32,13.1925,3.9275,3.88,9.7875,16.3925,6.725,166.5,9.99,9.8375,11.915,14.0975,15.29,20.9325,13.84,8.585
"Diporiphora_margaretae",58.8275,30.8075,25.3475,14.7575,6.2025,7.7375,12.3325,3.0975,3.715,10.055,15.0775,6.2425,138.25,9.02,8.9,9.9325,12.815,13.9325,20.1675,10.27,8.265
"Diporiphora_nobbi",82.076,43.204,34.728,21.99,9.136,11.394,17.402,4.638,5.194,12.656,20.66,7.812,191.6,12,12.65,14.33,19.576,19.864,28.29,14.068,10.828
"Diporiphora_pallida",45.74,23.72,18.94,10.04,4.92,6.46,10.56,2.14,3.54,8.34,12.09,4.34,92,6.9,7.22,7.84,9.59,10.14,14.53,6.85,6.41
"Diporiphora_paraconvergens",54.8925,28.455,23.2975,9.2375,5.1725,6.635,9.3,2.28,2.84,7.8525,12.635,5.735,161,8.145,7.6025,8.68,10.965,12.1925,17.445,10.6625,7.515
"Diporiphora_perplexa",66.715,31.5325,30.17,10.9275,5.8125,8.36,13.225,3.6125,3.9575,9.7375,17.9325,6.98,159.25,10.4225,10.325,9.4475,15.2175,16.0425,22.655,12.2375,10.3625
"Diporiphora_phaeospinosa",69.035,32.115,32.01,16.65,7.74,9.775,15.425,3.915,4.625,10.94,18.525,7.2,177,9.995,10.165,11.8,17.385,17.6,25.455,13.485,9.985
"Diporiphora_pindan",60.295,29.6225,26.745,10.2325,5.35,5.5175,9.67,2.34,3.3125,7.2975,13.1575,5.4475,145.75,9.1425,8.56,9.4,11.2475,13.29,18.3625,13.5875,7.505
"Diporiphora_reginae",57.86,29.68,25.295,12.5425,5.6375,7.45,10.7,2.57,2.985,8.22,13.3225,6.0575,143.5,7.955,7.675,9.26,11.39,13.9725,19.595,11.9725,7.7675
"Diporiphora_sobria",62.0875,28.2975,27.9525,12.9625,5.9975,8.08,12.8975,3.2575,3.845,9.34,15.9025,7.575,152.25,10.1575,9.8525,10.0875,14.58,16.25,22.6475,12.05,8.8
"Diporiphora_superba",86.845,47,35.66,11.0275,7.0025,8.6775,11.0525,3.6425,3.9075,10.325,17.735,5.6075,324.5,13.5025,12.0875,14.58,19.8225,20.1675,31.2775,17.925,10.185
"Diporiphora_valens",64.4225,31.7225,26.93,12.8725,6.56,7.8225,11.6425,3.045,3.375,8.8775,14.3425,8.53,171.25,9.3275,9.6975,10.81,13.0475,14.995,20.8975,12.5875,7.9225
"Diporiphora_vescus",56.4475,27.4925,23.8,7.9075,5.13,6.2475,9.485,2.38,3.0075,8.04,12.4475,5.3475,151.75,8.7675,8.825,10.0175,11.5725,12.61,19.145,11.3525,7.06
"Diporiphora_winneckei",53.368,26.736,21.426,7.844,4.514,6.394,8.948,2.272,2.854,7.208,11.8,4.522,125.8,7.41,7.384,8.762,10.424,10.986,16.628,9.626,6.674
"Gowidon_longirostris",105.6175,50.7475,48.49,18.9275,8.8825,13.8825,18.9475,6.5775,5.3225,14.72,28.7075,10.805,307.25,15.195,14.755,16.7625,26.595,28.69,40.8625,19.7825,16.8075
"Hypsilurus_godeffroyi",233,125.025,100.105,31.295,13.325,39.295,39.4,16.815,9.45,45.02,50.18,17.04,643,41.065,39.865,42.575,58.095,59.86,78.63,49.925,23.915
"Hypsilurus_longii",104.17,54.42,42.02,21.11,8.15,14.81,15.58,8.15,4.63,16.51,22.89,7.07,366,18.96,18.05,21.68,28.51,27.7,45.52,19.13,10.11
"Hypsilurus_magnus",188.143333333333,99.78,81.56,43.31,15.1066666666667,33.0066666666667,40.2266666666667,13.0633333333333,10.9766666666667,34.7766666666667,44.16,21.4733333333333,556.666666666667,32.7366666666667,30.81,34.3566666666667,44.9233333333333,45.4666666666667,65.3366666666667,37.4,20.12
"Hypsilurus_modestus",100.646666666667,53.77,40.1666666666667,15.28,6.68,12.2266666666667,14.6366666666667,7.59666666666667,4.49666666666667,15.5466666666667,20.15,7.16,255,21.5133333333333,19.2133333333333,21.0966666666667,27.4066666666667,26.5333333333333,37.7166666666667,20.0166666666667,8.05666666666667
"Hypsilurus_nigrigularis",184.1475,101.115,79.9,31.4975,14.025,30.3475,33.5425,13.7,9.185,31.0525,41.78,18.3875,534.5,30.7375,30.7125,32.79,46.4325,45.5225,65.955,38.12,18.895
"Hypsilurus_papuensis",170,84.35,70.75,26.34,7.61,29.75,35.86,12.79,9.57,34.39,37.6,12.68,552,27.42,29.71,31.84,38.31,41.33,55.76,33.15,15.24
"Hypsilurus_schultzewestrumi",119.143333333333,59.7866666666667,52.1166666666667,23.3,8.46333333333333,18.9533333333333,20.2266666666667,9.48,7.74666666666667,19.4233333333333,28.3533333333333,10.0566666666667,388.333333333333,20.62,20.86,23.29,30.6933333333333,29.5933333333333,44.5566666666667,23.7633333333333,11.1266666666667
"Intellagama_lesueurii",211.5,103.95,95.625,53.055,18.505,33.58,55.58,13.625,10.59,38.9,52.365,33.455,476,34.595,35.625,38.725,58.11,56.69,74.305,43.26,28.15
"Lophognathus_gilberti",81.9225,39.7225,38.0275,16.8425,7.1875,11.3725,16.9025,5.335,5.0675,13.25,21.7875,9.445,245,13.2975,12.72,14.72,21.1875,23.7675,32.8625,16.24,11.385
"Lophognathus_horneri",107.745,53.2175,50.4275,22.815,9.61,16.0075,21.4575,6.3125,5.4875,16.2025,27.255,14.485,298.75,16.1575,16.3575,18.5175,28.6325,30.81,42.1425,23.1725,15.455
"Lophosaurus_boydii",161.333333333333,78.5,73.8,29.06,13.33,28.36,30.55,15.44,11.09,33.96,43.7866666666667,13.2,317.333333333333,29.1866666666667,29.8966666666667,31.0766666666667,49.5533333333333,49.8433333333333,59.0133333333333,30.0133333333333,17.2566666666667
"Lophosaurus_dilophus",178.392,87.05,90.892,26.038,10.846,33.19,33.624,15.596,12.396,39.034,47.592,14.516,301.2,33.864,33.544,32.768,56.408,60.144,60.484,43.3,19.6
"Lophosaurus_spinipes",116.89,58.04,55.92,24.65,9.505,19.62,26.305,10.77,9.21,27.695,35.16,10.76,254,22.19,22.59,23.985,33.065,34.695,43.6,20.76,15.18
"Moloch_horridus",94.552,51.606,36.638,35.034,12.824,16.16,14.876,3.822,4.626,11.862,14.184,12.592,71.002,20.104,17.714,11.162,22.996,20.24,13.562,22.454,5.736
"Physignathus_cocincinus",194.333333333333,98.07,91.2733333333333,33.5233333333333,12.7766666666667,35.0666666666667,40.4533333333333,15.3066666666667,10.7033333333333,38.4833333333333,49.6133333333333,21.9966666666667,514.333333333333,35.3433333333333,35.3933333333333,36.6233333333333,55.2033333333333,52.8333333333333,67.1733333333333,41.66,23.6033333333333
"Pogona_barbata",161.28,83.5325,69.4425,54.2375,16.805,21.585,41.64,6.935,7.7975,27.025,37.7275,18.3725,223.5,24.355,24.275,26.3875,30.5475,31.71,37.2625,31.715,22.995
"Pogona_henrylawsoni",126.54,68.62,52.43,39.21,13.96,17.05,31.45,5.19,7.02,22.9,27.67,14.54,140,20.26,19.91,19.95,26.18,24.55,28.61,24.76,15.46
"Pogona_microlepidota",136.79,72.275,57.405,54.38,13.775,17.23,32.985,7.495,7.525,23.525,32.03,17.485,281,23.145,23.075,21.45,33.105,32.175,35.745,25.375,17.01
"Pogona_minor_minima",101.4625,55.5125,41.375,32.3675,10.8775,12.3825,21.41,4.9525,5.3925,13.935,23.995,10.555,207,16.535,16.8725,17.6125,22.0475,23.5525,29.45,17.38,13.65
"Pogona_minor_minor",126.893333333333,69.99,51.6733333333333,42.02,11.6533333333333,16.3366666666667,29.8966666666667,6.73666666666667,6.66333333333333,19.6666666666667,30.31,13.5133333333333,199,18.5766666666667,18.79,19.5133333333333,23.96,23.5066666666667,28.6566666666667,21.3633333333333,16.91
"Pogona_minor_mitchelli",151.673333333333,78.96,61.45,46.2433333333333,13.3066666666667,20.0666666666667,43.0966666666667,7.64666666666667,7.61666666666667,27.41,37.11,17.8966666666667,244.333333333333,20.1833333333333,23.3,22.93,28.65,27.82,31.8466666666667,24.34,21.8466666666667
"Pogona_nullarbor",121.5425,64.35,50.6125,38.2625,12.215,16.625,27.875,5.8075,5.9675,19.055,27.995,15.0675,166,17.93,18.2475,18.9925,22.885,25.3125,27.45,22.6175,16.22
"Pogona_vitticeps",180.1475,101.8275,69.5025,63.825,18.28,22.875,52.48,8.31,8.4825,29.7725,41.0025,23.045,235.75,26.9325,26.26,25.275,35.0025,33.675,37.7,28.5,24.21
"Rankinia_diemensis",71.975,38.725,28.89,22.47,10.335,10.835,16.865,4.14,3.765,12.07,17.44,7.38,115.5,11.66,9.985,10.985,14.075,14.895,20.8,11.45,9.535
"Tropicagama_temporalis",96.3825,45.3325,45.8975,18.4125,7.2475,14.845,20.575,6.6325,5.5625,17.3625,24.1875,11.055,289.75,15.17,13.805,17.345,25.9275,26.4475,40.0325,21.71,11.9925
"Tympanocryptis_argillosa",48.6225,25.4875,20.035,13.995,5.6275,6.5075,11.9875,2.1275,3.2,8.0825,12.03,4.6925,73.55,8.3225,6.9875,7.805,10.665,10.625,13.195,8.005,6.7025
"Tympanocryptis_centralis",47.7185714285714,24.0185714285714,21.4985714285714,13.8842857142857,5.66714285714286,6.56,12.1085714285714,1.92571428571429,3.09571428571429,8.19,12.1385714285714,5.03714285714286,76.8571428571429,8.20857142857143,7.48142857142857,8.38571428571429,10.0871428571429,10.6642857142857,13.33,9.36,7.11714285714286
"Tympanocryptis_cephalus",61.1375,32.0375,26.31,20.12,7.3525,8.2675,14.4325,2.35,3.8425,9.9275,14.87,5.34,74.25,11.2725,10.4425,10.4325,13.96,14.265,16.19,11.44,8.6775
"Tympanocryptis_condaminensis",58.2775,30.705,25.1175,18.0325,7.315,8.7675,13.8125,2.36,3.6,9.65,14.375,5.585,90.25,10.28,9.385,9.965,12.5,13.935,18.1125,10.7425,8.415
"Tympanocryptis_darlingensis",61.122,33.468,25.264,20.482,7.328,8.462,13.76,2.618,3.57,8.958,14.132,5.192,92.4,9.476,9.354,9.804,12.574,13.396,16.534,11.132,7.944
"Tympanocryptis_diabolicus",55.8475,29.2475,24.68,17.5025,7.05,7.2675,14.415,2.1475,3.35,9.8925,13.2975,4.6875,76.75,10.865,9.645,8.15,13.0925,13.25,15.5225,11.3825,7.8
"Tympanocryptis_einasleighensis",53.4625,28.775,21.8975,16.78,5.7075,7.555,12.625,2.3875,3.2475,9.0175,14.2575,3.815,64,8.2975,8.2975,7.895,10.1675,10.5425,12.335,7.64,8.6225
"Tympanocryptis_fictilis",58.5,31.8733333333333,24.7433333333333,16.2033333333333,7.23666666666667,7.71666666666667,13.7466666666667,2.52333333333333,3.33,9.89333333333333,14.85,4.68333333333333,76.4633333333333,10.31,9.61333333333333,9.77,13.09,13.43,15.7833333333333,9.89333333333333,8.99666666666667
"Tympanocryptis_fortescuensis",56.7771428571429,29.3814285714286,24.53,18.1371428571429,7.01571428571429,7.01142857142857,13.9042857142857,2.25285714285714,3.62,9.41,13.8814285714286,4.47142857142857,84.8571428571429,10.8557142857143,10.5828571428571,9.66,13.7757142857143,14.2242857142857,17.1014285714286,10.6485714285714,8.00857142857143
"Tympanocryptis_gigas",56.13,29.98,25.01,17.72,6.565,7.2925,14.5025,2.1725,3.9275,9.57,14.275,4.29,78.25,10.585,9.1975,9.74,12.7375,12.2725,14.5675,10.735,8.175
"Tympanocryptis_hobsoni",54.856,28.352,24.176,17.686,7.302,8.42,12.77,2.28,3.492,8.888,14.122,5.396,74.6,9.778,9.102,9.978,13.034,14.036,17.662,10.054,8.35
"Tympanocryptis_houstoni",56.0385714285714,29.9,22.8885714285714,16.6471428571429,6.35,7.34285714285714,12.6428571428571,2.41,3.52571428571429,8.61571428571429,13.4385714285714,5.61,85.8571428571429,8.87428571428571,8.03857142857143,8.57285714285714,11.1328571428571,12.2742857142857,15.2514285714286,9.45,7.50285714285714
"Tympanocryptis_intima",54.01,28.23375,23.78875,16.26,6.30375,7.3725,13.6725,2.30875,3.4675,9.3575,13.99625,5.03875,77.625,9.9425,9.12375,10.3825,12.8575,13.0075,15.84625,9.7925,8.22
"Tympanocryptis_lineata",45.945,24.8975,19.16,13.97,5.3475,6.47,11.39,2.0325,2.9425,8.1325,11.495,4.2575,80.25,8.14,7.185,7.89,10.2125,10.52,14.2,7.665,6.52
"Tympanocryptis_macra",63.6416666666667,32.6066666666667,27.1733333333333,17.215,6.915,8.69833333333333,13.4833333333333,2.80333333333333,3.92,9.76666666666667,15.04,5.46333333333333,99.5,11.085,10.2416666666667,10.1666666666667,13.715,14.6483333333333,17.44,12.1333333333333,8.31666666666667
"Tympanocryptis_osbornei",56.49,25.48,25.44,15.62,6.78,7.31,13.57,2.4,3.71,9.81,13.2,5.43,75,7.96,8.92,9.05,12.16,11.92,15.54,12.24,7.09
"Tympanocryptis_pentalineata",52.82,26.6575,22.9275,15.825,6.1125,6.905,12.3875,2.3175,3.175,8.175,12.885,4.2875,85.5,8.5725,8.06,8.9425,11.4,12.265,14.945,10.0425,7.3925
"Tympanocryptis_petersi",50.8633333333333,28.85,20.8933333333333,15.7333333333333,5.45666666666667,6.95666666666667,11.6566666666667,2.16,3.02,8.02333333333333,12.3,4.39666666666667,80.6666666666667,8.55333333333333,7.54333333333333,8.06333333333333,11.22,11.2833333333333,13.8,8.59333333333333,7.12
"Tympanocryptis_pinguicolla",54.0366666666667,28.1833333333333,23.2566666666667,12.9366666666667,5.91333333333333,7.15333333333333,11.3966666666667,2.29,3.10666666666667,8.57333333333333,12.36,3.39666666666667,58.6666666666667,7.21333333333333,6.90666666666667,8.39666666666667,9.57666666666667,9.73,12.56,10.8966666666667,6.96333333333333
"Tympanocryptis_pseudopsephos",54.265,28.3633333333333,23.02,20.0583333333333,6.67666666666667,6.12833333333333,13.9833333333333,2.13833333333333,3.27333333333333,8.90166666666667,12.4083333333333,3.17833333333333,64.8333333333333,9.93666666666667,9.05666666666667,9.12833333333333,11.7733333333333,11.5666666666667,14.1266666666667,10.6116666666667,6.99666666666667
"Tympanocryptis_rustica",55.232,29.986,22.636,16.178,6.142,7.036,13.004,2.286,3.386,8.704,13.17,5.006,84.2,8.724,7.838,8.332,10.382,11.398,13.696,9.466,7.498
"Tympanocryptis_tetraporophora",57.2671428571429,30.8671428571429,24.1271428571429,16.9742857142857,6.65,7.78285714285714,13.29,2.05285714285714,3.93857142857143,9.08857142857143,13.6285714285714,5.37142857142857,94,9.98571428571429,9.41571428571429,9.74571428571429,13.0871428571429,13.8557142857143,16.4585714285714,10.4985714285714,7.63714285714286
"Tympanocryptis_tolleyi",49.615,27.065,20.73,14.525,5.635,5.855,11.6175,1.9075,2.9925,7.73,11.88,3.7275,72.75,7.75,7.1575,8.4425,10.3125,10.32,13,8.85,6.98
"Tympanocryptis_wilsoni",57.08,29.415,24.5275,18.895,7.1075,7.6675,13.195,2.28,3.635,9.0675,13.955,4.13,83.25,9.4525,9.0675,10.0625,12.0375,13.3925,16.1825,10.5725,8.04
